Workbook

Sheet Summary
A1: WIFI&BT Test Summary
A2: Project:
A3: Platform
A4: Chip&Module
A5: OS_Version
A6: Wifi/BT Version | B6: Wifi FW/Driver: BT FW: BT Driver:
A7: FW link
A8: Tester
A9: Category | B9: Test Item | C9: Total case | D9: Pass | E9: Fail | F9: N/A | G9: pass rate | H9: Test result | I9: Comments
A10: Wifi_function | B10: basic function | C10: =Wifi_function!G3 -> 110 | D10: =Wifi_function!H3 -> 0 | E10: =Wifi_function!I3 -> 0 | F10: =Wifi_function!J3 -> 110 | G10: =D10/(C10-F10) -> #DIV/0! | H10: =IF(G10=100%,"Pass",IF(AND(G10>0%,G10<100%),"Fail","")) -> #DIV/0!
A11: Wifi_throughput | B11: peak throughput | C11: ='Wifi_throughput '!N3 -> 40 | D11: ='Wifi_throughput '!O3 -> 20 | E11: ='Wifi_throughput '!P3 -> 0 | F11: ='Wifi_throughput '!Q3 -> 20 | G11: =D11/(C11-F11) -> 1 | H11: =IF(G11=100%,"Pass",IF(AND(G11>0%,G11<100%),"Fail","")) -> Pass
A12: WiFi_compatibility | B12: Different router | C12: =WiFi_compatibility!G3 -> 5 | D12: =WiFi_compatibility!H3 -> 0 | E12: =WiFi_compatibility!I3 -> 0 | F12: =WiFi_compatibility!J3 -> 0 | G12: =D12/(C12-F12) -> 0 | H12: =IF(G12=100%,"Pass",IF(AND(G12>0%,G12<100%),"Fail",""))
A13: RVR&RVO | B13: 2.4G RVR | C13: =COUNTIFS('RVR&RVO'!B:B,B13) -> 4 | D13: =COUNTIFS('RVR&RVO'!$B:$B,$B13,'RVR&RVO'!$H:$H,D$9) -> 0 | E13: =COUNTIFS('RVR&RVO'!$B:$B,$B13,'RVR&RVO'!$H:$H,E$9) -> 0 | F13: =COUNTIFS('RVR&RVO'!$B:$B,$B13,'RVR&RVO'!$H:$H,F$9) -> 0 | G13: =D13/(C13-F13) -> 0 | H13: =IF(G13=100%,"Pass",IF(AND(G13>0%,G13<100%),"Fail",""))
B14: 2.4G RVO | C14: =COUNTIFS('RVR&RVO'!B:B,B14) -> 6 | D14: =COUNTIFS('RVR&RVO'!$B:$B,$B14,'RVR&RVO'!$H:$H,D$9) -> 0 | E14: =COUNTIFS('RVR&RVO'!$B:$B,$B14,'RVR&RVO'!$H:$H,E$9) -> 0 | F14: =COUNTIFS('RVR&RVO'!$B:$B,$B14,'RVR&RVO'!$H:$H,F$9) -> 0 | G14: =D14/(C14-F14) -> 0 | H14: =IF(G14=100%,"Pass",IF(AND(G14>0%,G14<100%),"Fail",""))
B15: 5G RVR | C15: =COUNTIFS('RVR&RVO'!B:B,B15) -> 4 | D15: =COUNTIFS('RVR&RVO'!$B:$B,$B15,'RVR&RVO'!$H:$H,D$9) -> 0 | E15: =COUNTIFS('RVR&RVO'!$B:$B,$B15,'RVR&RVO'!$H:$H,E$9) -> 0 | F15: =COUNTIFS('RVR&RVO'!$B:$B,$B15,'RVR&RVO'!$H:$H,F$9) -> 0 | G15: =D15/(C15-F15) -> 0 | H15: =IF(G15=100%,"Pass",IF(AND(G15>0%,G15<100%),"Fail",""))
B16: 5G RVO | C16: =COUNTIFS('RVR&RVO'!B:B,B16) -> 6 | D16: =COUNTIFS('RVR&RVO'!$B:$B,$B16,'RVR&RVO'!$H:$H,D$9) -> 0 | E16: =COUNTIFS('RVR&RVO'!$B:$B,$B16,'RVR&RVO'!$H:$H,E$9) -> 0 | F16: =COUNTIFS('RVR&RVO'!$B:$B,$B16,'RVR&RVO'!$H:$H,F$9) -> 0 | G16: =D16/(C16-F16) -> 0 | H16: =IF(G16=100%,"Pass",IF(AND(G16>0%,G16<100%),"Fail",""))
A17: BT_function | B17: basic function | C17: =BT_function!G3 -> 70 | D17: =BT_function!H3 -> 0 | E17: =BT_function!I3 -> 0 | F17: =BT_function!J3 -> 70 | G17: =D17/(C17-F17) -> #DIV/0! | H17: =IF(G17=100%,"Pass",IF(AND(G17>0%,G17<100%),"Fail","")) -> #DIV/0!
A18: BT_compatibility | B18: BT Speaker | C18: =COUNTIFS(BT_compatibility!B:B,B18) -> 10 | D18: =COUNTIFS(BT_compatibility!$B:$B,$B18,BT_compatibility!$H:$H,D$9) -> 3 | E18: =COUNTIFS(BT_compatibility!$B:$B,$B18,BT_compatibility!$H:$H,E$9) -> 5 | F18: =COUNTIFS(BT_compatibility!$B:$B,$B18,BT_compatibility!$H:$H,F$9) -> 2 | G18: =D18/(C18-F18) -> 0.375 | H18: =IF(G18=100%,"Pass",IF(AND(G18>0%,G18<100%),"Fail","")) -> Fail
B19: BT Headset | C19: =COUNTIFS(BT_compatibility!B:B,B19) -> 7 | D19: =COUNTIFS(BT_compatibility!$B:$B,$B19,BT_compatibility!$H:$H,D$9) -> 0 | E19: =COUNTIFS(BT_compatibility!$B:$B,$B19,BT_compatibility!$H:$H,E$9) -> 0 | F19: =COUNTIFS(BT_compatibility!$B:$B,$B19,BT_compatibility!$H:$H,F$9) -> 7 | G19: =D19/(C19-F19) -> #DIV/0! | H19: =IF(G19=100%,"Pass",IF(AND(G19>0%,G19<100%),"Fail","")) -> #DIV/0!
B20: BT Remote | C20: =COUNTIFS(BT_compatibility!B:B,B20) -> 4 | D20: =COUNTIFS(BT_compatibility!$B:$B,$B20,BT_compatibility!$H:$H,D$9) -> 0 | E20: =COUNTIFS(BT_compatibility!$B:$B,$B20,BT_compatibility!$H:$H,E$9) -> 0 | F20: =COUNTIFS(BT_compatibility!$B:$B,$B20,BT_compatibility!$H:$H,F$9) -> 4 | G20: =D20/(C20-F20) -> #DIV/0! | H20: =IF(G20=100%,"Pass",IF(AND(G20>0%,G20<100%),"Fail","")) -> #DIV/0!
B21: Keyboard&Mouse | C21: =COUNTIFS(BT_compatibility!B:B,B21) -> 2 | D21: =COUNTIFS(BT_compatibility!$B:$B,$B21,BT_compatibility!$H:$H,D$9) -> 0 | E21: =COUNTIFS(BT_compatibility!$B:$B,$B21,BT_compatibility!$H:$H,E$9) -> 0 | F21: =COUNTIFS(BT_compatibility!$B:$B,$B21,BT_compatibility!$H:$H,F$9) -> 2 | G21: =D21/(C21-F21) -> #DIV/0! | H21: =IF(G21=100%,"Pass",IF(AND(G21>0%,G21<100%),"Fail","")) -> #DIV/0!
B22: BT Handle | C22: =COUNTIFS(BT_compatibility!B:B,B22) -> 2 | D22: =COUNTIFS(BT_compatibility!$B:$B,$B22,BT_compatibility!$H:$H,D$9) -> 0 | E22: =COUNTIFS(BT_compatibility!$B:$B,$B22,BT_compatibility!$H:$H,E$9) -> 0 | F22: =COUNTIFS(BT_compatibility!$B:$B,$B22,BT_compatibility!$H:$H,F$9) -> 2 | G22: =D22/(C22-F22) -> #DIV/0! | H22: =IF(G22=100%,"Pass",IF(AND(G22>0%,G22<100%),"Fail","")) -> #DIV/0!
A23: Stability | B23: WIFI | C23: =COUNTIFS(Stability!B:B,B23) -> 5 | D23: =COUNTIFS(Stability!$B:$B,$B23,Stability!$I:$I,D$9) -> 2 | E23: =COUNTIFS(Stability!$B:$B,$B23,Stability!$I:$I,E$9) -> 1 | F23: =COUNTIFS(Stability!$B:$B,$B23,Stability!$I:$I,F$9) -> 1 | G23: =D23/(C23-F23) -> 0.5 | H23: =IF(G23=100%,"Pass",IF(AND(G23>0%,G23<100%),"Fail","")) -> Fail
B24: BT | C24: =COUNTIFS(Stability!B:B,B24) -> 3 | D24: =COUNTIFS(Stability!$B:$B,$B24,Stability!$I:$I,D$9) -> 0 | E24: =COUNTIFS(Stability!$B:$B,$B24,Stability!$I:$I,E$9) -> 0 | F24: =COUNTIFS(Stability!$B:$B,$B24,Stability!$I:$I,F$9) -> 3 | G24: =D24/(C24-F24) -> #DIV/0! | H24: =IF(G24=100%,"Pass",IF(AND(G24>0%,G24<100%),"Fail","")) -> #DIV/0!
B25: WIFI&BT | C25: =COUNTIFS(Stability!B:B,B25) -> 8 | D25: =COUNTIFS(Stability!$B:$B,$B25,Stability!$I:$I,D$9) -> 0 | E25: =COUNTIFS(Stability!$B:$B,$B25,Stability!$I:$I,E$9) -> 0 | F25: =COUNTIFS(Stability!$B:$B,$B25,Stability!$I:$I,F$9) -> 8 | G25: =D25/(C25-F25) -> #DIV/0! | H25: =IF(G25=100%,"Pass",IF(AND(G25>0%,G25<100%),"Fail","")) -> #DIV/0!
A26: Others Related to WiFi&BT | B26: XTS | C26: For details, please refer to the relevant report
B27: Smoking
B28: YTS
B29: NTS
A30: JIRA ID | B30: Summary | G30: Priority | H30: Owner | I30: Comments
A31: Opening issues
A34: Won`t fix issue
A38: Report Review Owner | B38: 是否可以release | C38: Comments | G38: 签名/日期
A39: QA模块owner签名：
A40: RD模块owner签名：
A41: Release AE owner 签名
A42: Release QA owner 签名

Sheet Wifi_function
A1: WiFi Function Test
A2: Platform_Module | B2: =IF(Summary!B3="","",Summary!B3) | C2: Chip_Module | D2: =IF(Summary!B4="","",Summary!B4) | E2: Tester | F2: =IF(Summary!B8="","",Summary!B8) | G2: Total case | H2: Pass | I2: Fail | J2: N/A
A3: Others | G3: =COUNTIFS(A:A,"*")-4 -> 110 | H3: =COUNTIFS($H4:$H451,H2) -> 0 | I3: =COUNTIFS($H4:$H451,I2) -> 0 | J3: =COUNTIFS($H4:$H451,J2) -> 110
A4: No. | B4: Test_Item | C4: Test_SubItem | D4: Test_Preset | E4: Test_Step | F4: Expected result | G4: Priority | H4: Test_Result | I4: Remark | J4: Author | K4: GM release | L4: Unify release | M4: 是否可自动化 | N4: 不可自动化原因 | O4: Description | P4: API_Summary_JSON
A5: Wifi_Func_001 | B5: WIFI setting | C5: wifi default switch | D5: / | E5: Enter wifi setting | F5: Wifi switch default status is on | G5: P0 | H5: N/A | J5: weidong.feng | K5: Yes | L5: Yes | M5: Yes | O5: Summary（概要） 在WIFI setting场景下执行「wifi default switch」，验证：Wifi switch default status is on Preconditions（前置条件/环境准备） 1. 平台已正常启动并进入系统 2. WiFi 模块已初始化 Steps（操作步骤） Step 1：Enter wifi setting 目的：完成「wifi default switch」测试操作 对应函数：step_open_wifi_settings(...) Checks（检查点） Check 1：Wifi switch default status is on 检查内容：Wifi switch default status is on 对应函数：check_wifi_state(...) | P5: [{"kind": "step", "function_name": "step_open_wifi_settings", "description": "wifi default switch：Enter wifi setting", "category": "wifi", "tags": ["kind:step", "domain:wifi"], "params": {}, "pre_conditions": [], "post_conditions": []}, {"kind": "check", "function_name": "check_wifi_state", "description": "验证wifi default switch：Wifi switch default status is on", "category": "wifi", "tags": ["kind:check", "domain:wifi"], "params": {"expected": {"name": "expected", "type": "bool", "required": true, "default": true, "description": "True=WiFi应开启"}}, "pre_conditions": [{"id": "step_open_wifi_settings", "type": "step", "reason": "需先完成测试步骤"}], "post_conditions": []}]
A6: Wifi_Func_002 | B6: WIFI setting | C6: Turn on/off wifi | D6: / | E6: 1. Turn off wifi 2. Turn on wifi | F6: Wifi can be turn off and cannot research AP After turn on, can display ap list | G6: P0 | H6: N/A | J6: weidong.feng | K6: Yes | L6: Yes | M6: Yes | O6: Summary（概要） 在WIFI setting场景下执行「Turn on/off wifi」，验证：Wifi can be turn off and cannot research AP After Preconditions（前置条件/环境准备） 1. 平台已正常启动并进入系统 2. WiFi 模块已初始化 Steps（操作步骤） Step 1：Turn off wifi 目的：完成「Turn on/off wifi」测试操作 对应函数：step_toggle_wifi(...) Step 2：Turn on wifi 目的：完成「Turn on/off wifi」测试操作 对应函数：step_toggle_wifi(...) Checks（检查点） Check 1：Wifi can be turn off and cannot research AP After turn on, can display ap list 检查内容：Wifi can be turn off and cannot research AP After turn on, can display ap list 对应函数：check_wifi_state(...) | P6: [{"kind": "step", "function_name": "step_toggle_wifi", "description": "Turn on/off wifi：Turn off wifi", "category": "wifi", "tags": ["kind:step", "domain:wifi"], "params": {"enabled": {"name": "enabled", "type": "bool", "required": true, "default": false, "description": "False=关闭WiFi"}}, "pre_conditions": [], "post_conditions": []}, {"kind": "check", "function_name": "check_wifi_state", "description": "验证Turn on/off wifi：Wifi can be turn off and cannot research AP After turn on, c", "category": "wifi", "tags": ["kind:check", "domain:wifi"], "params": {"expected": {"name": "expected", "type": "bool", "required": true, "default": true, "description": "True=WiFi应开启"}}, "pre_conditions": [{"id": "step_toggle_wifi", "type": "step", "reason": "需先完成测试步骤"}], "post_conditions": []}]
A7: Wifi_Func_003 | B7: WIFI setting | C7: Wifi list interface | D7: Connecting wifi | E7: set ap ssid to 32-bit, and then open and check Wifi list interface | F7: 1.Wifi is sorted by strong to weak signal 2.The encryption mode of the current AP is identified in the help text of the AP 3.Verify that the 32-bit SSID is displayed intact | G7: P1 | H7: N/A | J7: weidong.feng | M7: Yes | O7: Summary（概要） 在WIFI setting场景下执行「Wifi list interface」，验证：Wifi is sorted by strong to weak signal；The encryption mode of the current AP Preconditions（前置条件/环境准备） 1. 平台已正常启动并进入系统 2. WiFi 模块已初始化 3. Connecting wifi Steps（操作步骤） Step 1：set ap ssid to 32-bit, and then open and check Wifi list interface 目的：完成「Wifi list interface」测试操作 对应函数：step_open_wifi_settings(...) Checks（检查点） Check 1：Wifi is sorted by strong to weak signal 检查内容：Wifi is sorted by strong to weak signal 对应函数：check_wifi_state(...) Check 2：The encryption mode of the current AP is identified in the help text of the AP 检查内容：The encryption mode of the current AP is identified in the help text of the AP 对应函数：check_the_encryption_mode_of_the_c(...) Check 3：Verify that the 32-bit SSID is displayed intact 检查内容：Verify that the 32-bit SSID is displayed intact 对应函数：check_ap_list_display(...) | P7: [{"kind": "step", "function_name": "step_open_wifi_settings", "description": "Wifi list interface：set ap ssid to 32-bit, and then open and check Wifi list int", "category": "wifi", "tags": ["kind:step", "domain:wifi"], "params": {}, "pre_conditions": [], "post_conditions": []}, {"kind": "check", "function_name": "check_wifi_state", "description": "验证Wifi list interface：Wifi is sorted by strong to weak signal", "category": "wifi", "tags": ["kind:check", "domain:wifi"], "params": {"expected": {"name": "expected", "type": "bool", "required": true, "default": true, "description": "True=WiFi应开启"}}, "pre_conditions": [{"id": "step_open_wifi_settings", "type": "step", "reason": "需先完成测试步骤"}], "post_conditions": []}, {"kind": "check", "function_name": "check_the_encryption_mode_of_the_c", "description": "验证Wifi list interface：The encryption mode of the current AP is identified in the h", "category": "wifi", "tags": ["kind:check", "domain:wifi"], "params": {}, "pre_conditions": [{"id": "step_open_wifi_settings", "type": "step", "reason": "需先完成测试步骤"}], "post_conditions": []}, {"kind": "check", "function_name": "check_ap_list_display", "description": "验证Wifi list interface：Verify that the 32-bit SSID is displayed intact", "category": "wifi", "tags": ["kind:check", "domain:wifi"], "params": {}, "pre_conditions": [{"id": "step_open_wifi_settings", "type": "step", "reason": "需先完成测试步骤"}], "post_conditions": []}]
A8: Wifi_Func_004 | B8: WIFI setting | C8: connect successful | D8: Multiple APs | E8: Select an AP to connect input the rignt password | F8: prompt the connection is successful, and the connected AP display is ranked first and shows the connected status. | G8: P1 | H8: N/A | J8: weidong.feng | K8: Yes | L8: Yes | M8: Yes | O8: Summary（概要） 在WIFI setting场景下执行「connect successful」，验证：prompt the connection is successful, and the conn Preconditions（前置条件/环境准备） 1. 平台已正常启动并进入系统 2. WiFi 模块已初始化 3. Multiple APs Steps（操作步骤） Step 1：Select an AP to connect input the rignt password 目的：完成「connect successful」测试操作 对应函数：step_connect_wifi(...) Checks（检查点） Check 1：prompt the connection is successful, and the connected AP display is ranked fir 检查内容：prompt the connection is successful, and the connected AP display is ranked first and shows the connected status. 对应函数：check_wifi_connected(...) | P8: [{"kind": "step", "function_name": "step_connect_wifi", "description": "connect successful：Select an AP to connect input the rignt password", "category": "wifi", "tags": ["kind:step", "domain:wifi"], "params": {"ssid": {"name": "ssid", "type": "str", "required": true, "default": null, "description": "目标AP的SSID"}, "password": {"name": "password", "type": "str", "required": false, "default": null, "description": "WiFi密码，开放网络可为空"}, "auth_type": {"name": "auth_type", "type": "str", "required": false, "default": null, "description": "认证类型如 WPA2/WPA3/Open/WEP"}}, "pre_conditions": [], "post_conditions": []}, {"kind": "check", "function_name": "check_wifi_connected", "description": "验证connect successful：prompt the connection is successful, and the connected AP d", "category": "wifi", "tags": ["kind:check", "domain:wifi"], "params": {"expected_ssid": {"name": "expected_ssid", "type": "str", "required": false, "default": null, "description": "预期已连接的SSID"}}, "pre_conditions": [{"id": "step_connect_wifi", "type": "step", "reason": "需先完成测试步骤"}], "post_conditions": []}]
A9: Wifi_Func_005 | B9: WIFI setting | C9: connect fail | D9: Multiple APs | E9: Select an AP to connect input the wrong password | F9: prompt some info, such as: the connection fails and you need to try to connect again | G9: P1 | H9: N/A | J9: weidong.feng | M9: Yes | O9: Summary（概要） 在WIFI setting场景下执行「connect fail」，验证：prompt some info, such as: the connection fails an Preconditions（前置条件/环境准备） 1. 平台已正常启动并进入系统 2. WiFi 模块已初始化 3. Multiple APs Steps（操作步骤） Step 1：Select an AP to connect input the wrong password 目的：完成「connect fail」测试操作 对应函数：step_connect_wifi(...) Checks（检查点） Check 1：prompt some info, such as: the connection fails and you need to try to connect a 检查内容：prompt some info, such as: the connection fails and you need to try to connect again 对应函数：check_wifi_connection_failed(...) | P9: [{"kind": "step", "function_name": "step_connect_wifi", "description": "connect fail：Select an AP to connect input the wrong password", "category": "wifi", "tags": ["kind:step", "domain:wifi"], "params": {"ssid": {"name": "ssid", "type": "str", "required": true, "default": null, "description": "目标AP的SSID"}, "password": {"name": "password", "type": "str", "required": false, "default": null, "description": "WiFi密码，开放网络可为空"}, "auth_type": {"name": "auth_type", "type": "str", "required": false, "default": null, "description": "认证类型如 WPA2/WPA3/Open/WEP"}}, "pre_conditions": [], "post_conditions": []}, {"kind": "check", "function_name": "check_wifi_connection_failed", "description": "验证connect fail：prompt some info, such as: the connection fails and you need", "category": "wifi", "tags": ["kind:check", "domain:wifi"], "params": {}, "pre_conditions": [{"id": "step_connect_wifi", "type": "step", "reason": "需先完成测试步骤"}], "post_conditions": []}]
A10: Wifi_Func_006 | B10: WIFI setting | C10: Wifi connecting interface | D10: Connecting wifi | E10: open and check Wifi connecting interface | F10: 1.Display the SSID of the current AP 2.Hide password optionswas clicked by default | G10: P1 | H10: N/A | J10: weidong.feng | M10: Yes | N10: Connecting 窗口需要人为选择并判断是否符合预期 | O10: Summary（概要） 在WIFI setting场景下执行「Wifi connecting interface」，验证：Display the SSID of the current AP；Hide password optionswas clicked by Preconditions（前置条件/环境准备） 1. 平台已正常启动并进入系统 2. WiFi 模块已初始化 3. Connecting wifi Steps（操作步骤） Step 1：open and check Wifi connecting interface 目的：完成「Wifi connecting interface」测试操作 对应函数：step_toggle_wifi(...) Checks（检查点） Check 1：Display the SSID of the current AP 检查内容：Display the SSID of the current AP 对应函数：check_ap_list_display(...) Check 2：Hide password optionswas clicked by default 检查内容：Hide password optionswas clicked by default 对应函数：check_hide_password_optionswas_cli(...) | P10: [{"kind": "step", "function_name": "step_toggle_wifi", "description": "Wifi connecting interface：open and check Wifi connecting interface", "category": "wifi", "tags": ["kind:step", "domain:wifi"], "params": {"enabled": {"name": "enabled", "type": "bool", "required": true, "default": true, "description": "True=开启WiFi"}}, "pre_conditions": [], "post_conditions": []}, {"kind": "check", "function_name": "check_ap_list_display", "description": "验证Wifi connecting interface：Display the SSID of the current AP", "category": "wifi", "tags": ["kind:check", "domain:wifi"], "params": {}, "pre_conditions": [{"id": "step_toggle_wifi", "type": "step", "reason": "需先完成测试步骤"}], "post_conditions": []}, {"kind": "check", "function_name": "check_hide_password_optionswas_cli", "description": "验证Wifi connecting interface：Hide password optionswas clicked by default", "category": "wifi", "tags": ["kind:check", "domain:wifi"], "params": {}, "pre_conditions": [{"id": "step_toggle_wifi", "type": "step", "reason": "需先完成测试步骤"}], "post_conditions": []}]
A11: Wifi_Func_007 | B11: WIFI setting | C11: WiFi/Ethernet switching | E11: Plug and unplug the network cable after the platform is connected to the AP. | F11: After the platform is plugged into the network cable, the WiFi is disconnected and connected to the Ethernet; after the network cable is unplugged, the WiFi is automatically reconnected; priority: Ethernet>WiFi | G11: P1 | H11: N/A | J11: weidong.feng | M11: Yes | O11: Summary（概要） 在WIFI setting场景下执行「WiFi/Ethernet switching」，验证：After the platform is plugged into the network cab Preconditions（前置条件/环境准备） 1. 平台已正常启动并进入系统 2. WiFi 模块已初始化 Steps（操作步骤） Step 1：Plug and unplug the network cable after the platform is connected to the AP. 目的：完成「WiFi/Ethernet switching」测试操作 对应函数：step_connect_wifi(...) Checks（检查点） Check 1：After the platform is plugged into the network cable, the WiFi is disconnected a 检查内容：After the platform is plugged into the network cable, the WiFi is disconnected and connected to the Ethernet; after the network cable is unplugged, the WiFi is automatically reconnected; priority: Ethernet>WiFi 对应函数：check_wifi_disconnected(...) | P11: [{"kind": "step", "function_name": "step_connect_wifi", "description": "WiFi/Ethernet switching：Plug and unplug the network cable after the platform is conn", "category": "wifi", "tags": ["kind:step", "domain:wifi"], "params": {"ssid": {"name": "ssid", "type": "str", "required": true, "default": null, "description": "目标AP的SSID"}, "password": {"name": "password", "type": "str", "required": false, "default": null, "description": "WiFi密码，开放网络可为空"}, "auth_type": {"name": "auth_type", "type": "str", "required": false, "default": null, "description": "认证类型如 WPA2/WPA3/Open/WEP"}}, "pre_conditions": [], "post_conditions": []}, {"kind": "check", "function_name": "check_wifi_disconnected", "description": "验证WiFi/Ethernet switching：After the platform is plugged into the network cable, the Wi", "category": "wifi", "tags": ["kind:check", "domain:wifi"], "params": {}, "pre_conditions": [{"id": "step_connect_wifi", "type": "step", "reason": "需先完成测试步骤"}], "post_conditions": []}]
A12: Wifi_Func_008 | B12: WIFI setting | C12: forget password | E12: Select one connected ap, to click "Do not save" or "Forget network" option | F12: The platform will automatically delete the saved wifi password | G12: P1 | H12: N/A | J12: weidong.feng | K12: Yes | L12: Yes | M12: Yes | O12: Summary（概要） 在WIFI setting场景下执行「forget password」，验证：The platform will automatically delete the saved w Preconditions（前置条件/环境准备） 1. 平台已正常启动并进入系统 2. WiFi 模块已初始化 Steps（操作步骤） Step 1：Select one connected ap, to click "Do not save" or "Forget network" option 目的：完成「forget password」测试操作 对应函数：step_connect_wifi(...) Checks（检查点） Check 1：The platform will automatically delete the saved wifi password 检查内容：The platform will automatically delete the saved wifi password 对应函数：check_wifi_password_forgotten(...) | P12: [{"kind": "step", "function_name": "step_connect_wifi", "description": "forget password：Select one connected ap, to click \"Do not save\" or \"Forget n", "category": "wifi", "tags": ["kind:step", "domain:wifi"], "params": {"ssid": {"name": "ssid", "type": "str", "required": true, "default": null, "description": "目标AP的SSID"}, "password": {"name": "password", "type": "str", "required": false, "default": null, "description": "WiFi密码，开放网络可为空"}, "auth_type": {"name": "auth_type", "type": "str", "required": false, "default": null, "description": "认证类型如 WPA2/WPA3/Open/WEP"}}, "pre_conditions": [], "post_conditions": []}, {"kind": "check", "function_name": "check_wifi_password_forgotten", "description": "验证forget password：The platform will automatically delete the saved wifi passwo", "category": "wifi", "tags": ["kind:check", "domain:wifi"], "params": {"ssid": {"name": "ssid", "type": "str", "required": true, "default": null, "description": "已忘记密码的SSID"}}, "pre_conditions": [{"id": "step_connect_wifi", "type": "step", "reason": "需先完成测试步骤"}], "post_conditions": []}]
A13: Wifi_Func_009 | B13: WIFI setting | C13: set static ip | E13: Use static IP | F13: Static IP can set successful | G13: P1 | H13: N/A | J13: weidong.feng | M13: Yes | O13: Summary（概要） 在WIFI setting场景下执行「set static ip」，验证：Static IP can set successful Preconditions（前置条件/环境准备） 1. 平台已正常启动并进入系统 2. WiFi 模块已初始化 Steps（操作步骤） Step 1：Use static IP 目的：完成「set static ip」测试操作 对应函数：step_set_wifi_static_ip(...) Checks（检查点） Check 1：Static IP can set successful 检查内容：Static IP can set successful 对应函数：check_wifi_ip_mode(...) | P13: [{"kind": "step", "function_name": "step_set_wifi_static_ip", "description": "set static ip：Use static IP", "category": "wifi", "tags": ["kind:step", "domain:wifi"], "params": {"ip": {"name": "ip", "type": "str", "required": true, "default": null, "description": "静态IP地址"}, "subnet": {"name": "subnet", "type": "str", "required": false, "default": null, "description": "子网掩码"}, "gateway": {"name": "gateway", "type": "str", "required": false, "default": null, "description": "网关地址"}}, "pre_conditions": [], "post_conditions": []}, {"kind": "check", "function_name": "check_wifi_ip_mode", "description": "验证set static ip：Static IP can set successful", "category": "wifi", "tags": ["kind:check", "domain:wifi"], "params": {"expected_mode": {"name": "expected_mode", "type": "str", "required": true, "default": "static", "description": "预期IP模式"}}, "pre_conditions": [{"id": "step_set_wifi_static_ip", "type": "step", "reason": "需先完成测试步骤"}], "post_conditions": []}]
A14: Wifi_Func_010 | B14: WIFI setting | C14: network working | E14: Access to the network | F14: The platform should be able to access web news or videos normally | G14: P1 | H14: N/A | J14: weidong.feng | K14: Yes | L14: Yes | M14: Yes | O14: Summary（概要） 在WIFI setting场景下执行「network working」，验证：The platform should be able to access web news or Preconditions（前置条件/环境准备） 1. 平台已正常启动并进入系统 2. WiFi 模块已初始化 Steps（操作步骤） Step 1：Access to the network 目的：完成「network working」测试操作 对应函数：step_access_network_or_play_video(...) Checks（检查点） Check 1：The platform should be able to access web news or videos normally 检查内容：The platform should be able to access web news or videos normally 对应函数：check_network_accessible(...) | P14: [{"kind": "step", "function_name": "step_access_network_or_play_video", "description": "network working：Access to the network", "category": "wifi", "tags": ["kind:step", "domain:wifi"], "params": {"target": {"name": "target", "type": "str", "required": false, "default": null, "description": "访问目标或视频平台名称"}}, "pre_conditions": [], "post_conditions": []}, {"kind": "check", "function_name": "check_network_accessible", "description": "验证network working：The platform should be able to access web news or videos nor", "category": "wifi", "tags": ["kind:check", "domain:wifi"], "params": {}, "pre_conditions": [{"id": "step_access_network_or_play_video", "type": "step", "reason": "需先完成测试步骤"}], "post_conditions": []}]
A15: Wifi_Func_011 | B15: WIFI setting | C15: Flight mode | E15: turning on Flight mode | F15: 1.Wifi automatically turns off when airplane mode is turned on 2.After turning on the flight mode, you can manually turn on the wifi and continue to access the Internet. | G15: P1 | H15: N/A | J15: weidong.feng | M15: Yes | O15: Summary（概要） 在WIFI setting场景下执行「Flight mode」，验证：Wifi automatically turns off when airplane mode is；After turning on the flight mode, Preconditions（前置条件/环境准备） 1. 平台已正常启动并进入系统 2. WiFi 模块已初始化 Steps（操作步骤） Step 1：turning on Flight mode 目的：完成「Flight mode」测试操作 对应函数：step_set_flight_mode(...) Checks（检查点） Check 1：Wifi automatically turns off when airplane mode is turned on 检查内容：Wifi automatically turns off when airplane mode is turned on 对应函数：check_wifi_state(...) Check 2：After turning on the flight mode, you can manually turn on the wifi and continue 检查内容：After turning on the flight mode, you can manually turn on the wifi and continue to access the Internet. 对应函数：check_wifi_state(...) | P15: [{"kind": "step", "function_name": "step_set_flight_mode", "description": "Flight mode：turning on Flight mode", "category": "wifi", "tags": ["kind:step", "domain:wifi"], "params": {"enabled": {"name": "enabled", "type": "bool", "required": true, "default": true, "description": "True=开启飞行模式"}}, "pre_conditions": [], "post_conditions": []}, {"kind": "check", "function_name": "check_wifi_state", "description": "验证Flight mode：Wifi automatically turns off when airplane mode is turned on", "category": "wifi", "tags": ["kind:check", "domain:wifi"], "params": {"expected": {"name": "expected", "type": "bool", "required": true, "default": true, "description": "True=WiFi应开启"}}, "pre_conditions": [{"id": "step_set_flight_mode", "type": "step", "reason": "需先完成测试步骤"}], "post_conditions": []}]
A16: Wifi_Func_012 | B16: WIFI setting | C16: Password keyboard input interface | D16: Multiple APs | E16: 1. open and check password keyboard input interface 2.when number of input passwords is less than the standard number of passwords 3.When the number of digits entered is equal to or more than the standard number of digits 4. When entering a password, if Show Password is set to Hide password 5. Click the cancel button or press the back button | F16: 1.Can pop up the default keyboard input 2.the connection button is grayed out or the click connection has no effect 3. the connection button can be connected 4. the passwords are all displayed in "..." m; or the entered passwords are all displayed 5. return to the AP list interface | G16: P1 | H16: N/A | J16: weidong.feng | M16: No | N16: 键盘行为需要人为判断是否符合预期 | O16: Summary（概要） 在WIFI setting场景下执行「Password keyboard input interface」，验证：Can pop up the default keyboard input；the connection button is Preconditions（前置条件/环境准备） 1. 平台已正常启动并进入系统 2. WiFi 模块已初始化 3. Multiple APs Steps（操作步骤） Step 1：open and check password keyboard input interface 目的：完成「Password keyboard input interface」测试操作 对应函数：step_open_and_check_password_keyb(...) Step 2：when number of input passwords is less than the standard number of passwords 目的：完成「Password keyboard input interface」测试操作 对应函数：step_connect_wifi(...) Step 3：When the number of digits entered is equal to or more than the standard number of digits 目的：完成「Password keyboard input interface」测试操作 对应函数：step_when_the_number_of_digits_en(...) Step 4：When entering a password, if Show Password is set to Hide password 目的：完成「Password keyboard input interface」测试操作 对应函数：step_connect_wifi(...) Step 5：Click the cancel button or press the back button 目的：完成「Password keyboard input interface」测试操作 对应函数：step_click_the_cancel_button_or_p(...) Checks（检查点） Check 1：Can pop up the default keyboard input 检查内容：Can pop up the default keyboard input 对应函数：check_can_pop_up_the_default_keybo(...) Check 2：the connection button is grayed out or the click connection has no effect 检查内容：the connection button is grayed out or the click connection has no effect 对应函数：check_the_connection_button_is_gra(...) Check 3：the connection button can be connected 检查内容：the connection button can be connected 对应函数：check_the_connection_button_can_be(...) Check 4：the passwords are all displayed in "..." m; or the entered passwords are all dis 检查内容：the passwords are all displayed in "..." m; or the entered passwords are all displayed 对应函数：check_wifi_password_input_ui(...) Check 5：return to the AP list interface 检查内容：return to the AP list interface 对应函数：check_ap_list_display(...) | P16: [{"kind": "step", "function_name": "step_open_and_check_password_keyb", "description": "Password keyboard input interface：open and check password keyboard input interface", "category": "wifi", "tags": ["kind:step", "domain:wifi"], "params": {}, "pre_conditions": [], "post_conditions": []}, {"kind": "step", "function_name": "step_connect_wifi", "description": "Password keyboard input interface：when number of input passwords is less than the standard num", "category": "wifi", "tags": ["kind:step", "domain:wifi"], "params": {"ssid": {"name": "ssid", "type": "str", "required": true, "default": null, "description": "目标AP的SSID"}, "password": {"name": "password", "type": "str", "required": false, "default": null, "description": "WiFi密码，开放网络可为空"}, "auth_type": {"name": "auth_type", "type": "str", "required": false, "default": null, "description": "认证类型如 WPA2/WPA3/Open/WEP"}}, "pre_conditions": [{"id": "step_open_and_check_password_keyb", "type": "step", "reason": "前置步骤必须先完成"}], "post_conditions": []}, {"kind": "step", "function_name": "step_when_the_number_of_digits_en", "description": "Password keyboard input interface：When the number of digits entered is equal to or more than t", "category": "wifi", "tags": ["kind:step", "domain:wifi"], "params": {}, "pre_conditions": [{"id": "step_connect_wifi", "type": "step", "reason": "前置步骤必须先完成"}], "post_conditions": []}, {"kind": "step", "function_name": "step_click_the_cancel_button_or_p", "description": "Password keyboard input interface：Click the cancel button or press the back button", "category": "wifi", "tags": ["kind:step", "domain:wifi"], "params": {}, "pre_conditions": [{"id": "step_connect_wifi", "type": "step", "reason": "前置步骤必须先完成"}], "post_conditions": []}, {"kind": "check", "function_name": "check_can_pop_up_the_default_keybo", "description": "验证Password keyboard input interface：Can pop up the default keyboard input", "category": "wifi", "tags": ["kind:check", "domain:wifi"], "params": {}, "pre_conditions": [{"id": "step_click_the_cancel_button_or_p", "type": "step", "reason": "需先完成测试步骤"}], "post_conditions": []}, {"kind": "check", "function_name": "check_the_connection_button_is_gra", "description": "验证Password keyboard input interface：the connection button is grayed out or the click connection ", "category": "wifi", "tags": ["kind:check", "domain:wifi"], "params": {}, "pre_conditions": [{"id": "step_click_the_cancel_button_or_p", "type": "step", "reason": "需先完成测试步骤"}], "post_conditions": []}, {"kind": "check", "function_name": "check_the_connection_button_can_be", "description": "验证Password keyboard input interface：the connection button can be connected", "category": "wifi", "tags": ["kind:check", "domain:wifi"], "params": {}, "pre_conditions": [{"id": "step_click_the_cancel_button_or_p", "type": "step", "reason": "需先完成测试步骤"}], "post_conditions": []}, {"kind": "check", "function_name": "check_wifi_password_input_ui", "description": "验证Password keyboard input interface：the passwords are all displayed in \"...\" m; or the entered p", "category": "wifi", "tags": ["kind:check", "domain:wifi"], "params": {}, "pre_conditions": [{"id": "step_click_the_cancel_button_or_p", "type": "step", "reason": "需先完成测试步骤"}], "post_conditions": []}, {"kind": "check", "function_name": "check_ap_list_display", "description": "验证Password keyboard input interface：return to the AP list interface", "category": "wifi", "tags": ["kind:check", "domain:wifi"], "params": {}, "pre_conditions": [{"id": "step_click_the_cancel_button_or_p", "type": "step", "reason": "需先完成测试步骤"}], "post_conditions": []}]
A17: Wifi_Func_013 | B17: WIFI setting | C17: quick connect | E17: 1.DUT enter settings-Network&Internet-Quick connect 2.Android 12 mobile phone connect with an VPN AP (which is 1/6/11/36/64/149/165channel)and enter AP detail interface 3.Add device and then scan the QR code | F17: 1.DUT will auto connect with the AP which same as mobile phone connected and phone prompt AP connect success | G17: P1 | H17: N/A | J17: weidong.feng | K17: Yes | L17: Yes | M17: No | N17: 如何自动化控制 mobile 设备 | O17: Summary（概要） 在WIFI setting场景下执行「quick connect」，验证：DUT will auto connect with the AP which same as m Preconditions（前置条件/环境准备） 1. 平台已正常启动并进入系统 2. WiFi 模块已初始化 Steps（操作步骤） Step 1：DUT enter settings-Network&Internet-Quick connect 目的：完成「quick connect」测试操作 对应函数：step_quick_connect_wifi(...) Step 2：Android 12 mobile phone connect with an VPN AP (which is 1/6/11/36/64/149/165channel)and enter AP detail interface 目的：完成「quick connect」测试操作 对应函数：step_connect_wifi(...) Step 3：Add device and then scan the QR code 目的：完成「quick connect」测试操作 对应函数：step_quick_connect_wifi(...) Checks（检查点） Check 1：DUT will auto connect with the AP which same as mobile phone connected and phon 检查内容：DUT will auto connect with the AP which same as mobile phone connected and phone prompt AP connect success 对应函数：check_wifi_connected(...) | P17: [{"kind": "step", "function_name": "step_quick_connect_wifi", "description": "quick connect：DUT enter settings-Network&Internet-Quick connect", "category": "wifi", "tags": ["kind:step", "domain:wifi"], "params": {}, "pre_conditions": [], "post_conditions": []}, {"kind": "step", "function_name": "step_connect_wifi", "description": "quick connect：Android 12 mobile phone connect with an VPN AP (which is 1/6", "category": "wifi", "tags": ["kind:step", "domain:wifi"], "params": {"ssid": {"name": "ssid", "type": "str", "required": true, "default": null, "description": "目标AP的SSID"}, "password": {"name": "password", "type": "str", "required": false, "default": null, "description": "WiFi密码，开放网络可为空"}, "auth_type": {"name": "auth_type", "type": "str", "required": false, "default": null, "description": "认证类型如 WPA2/WPA3/Open/WEP"}}, "pre_conditions": [{"id": "step_quick_connect_wifi", "type": "step", "reason": "前置步骤必须先完成"}], "post_conditions": []}, {"kind": "check", "function_name": "check_wifi_connected", "description": "验证quick connect：DUT will auto connect with the AP which same as mobile phon", "category": "wifi", "tags": ["kind:check", "domain:wifi"], "params": {"expected_ssid": {"name": "expected_ssid", "type": "str", "required": false, "default": null, "description": "预期已连接的SSID"}}, "pre_conditions": [{"id": "step_quick_connect_wifi", "type": "step", "reason": "需先完成测试步骤"}], "post_conditions": []}]
A18: Wifi_Func_014 | B18: WIFI setting | C18: country code | E18: 1. input cmd to check countrycode getprop ro.boot.wificountrycode 2. change another country in Startup wizard | F18: countrycode follow with setup country such as: US | G18: P1 | H18: N/A | M18: Yes | O18: Summary（概要） 在WIFI setting场景下执行「country code」，验证：countrycode follow with setup country such as: US Preconditions（前置条件/环境准备） 1. 平台已正常启动并进入系统 2. WiFi 模块已初始化 Steps（操作步骤） Step 1：input cmd to check countrycode getprop ro.boot.wificountrycode 目的：完成「country code」测试操作 对应函数：step_set_country_code(...) Step 2：change another country in Startup wizard 目的：完成「country code」测试操作 对应函数：step_set_country_code(...) Checks（检查点） Check 1：countrycode follow with setup country such as: US 检查内容：countrycode follow with setup country such as: US 对应函数：check_country_code(...) | P18: [{"kind": "step", "function_name": "step_set_country_code", "description": "country code：input cmd to check countrycode getprop ro.boot.wificountryco", "category": "wifi", "tags": ["kind:step", "domain:wifi"], "params": {"country": {"name": "country", "type": "str", "required": true, "default": null, "description": "国家代码如 US/CN"}}, "pre_conditions": [], "post_conditions": []}, {"kind": "check", "function_name": "check_country_code", "description": "验证country code：countrycode follow with setup country such as: US", "category": "wifi", "tags": ["kind:check", "domain:wifi"], "params": {"expected_code": {"name": "expected_code", "type": "str", "required": true, "default": null, "description": "预期国家代码如 US/CN"}}, "pre_conditions": [{"id": "step_set_country_code", "type": "step", "reason": "需先完成测试步骤"}], "post_conditions": []}]
A19: Wifi_Func_026 | B19: Connect AP | C19: Hide SSID | E19: hide ap on router settings | F19: 1.Platform cannot search the AP 2.The platform enters the SSID and password may successfully connect to the AP. | G19: P1 | H19: N/A | J19: weidong.feng | K19: Yes | L19: Yes | M19: Todo | N19: 该项标记为 TODO，提示以下 AP Case 均需要提供满足条件的路由器设备来完成 Case 开发，同时测试端需搭建 AUT 环境，实现路由器自动化控制 1.模拟实现 2.是否能覆盖 3.煲机类 | O19: Summary（概要） 在Connect AP场景下执行「Hide SSID」，验证：Platform cannot search the AP；The platform enters the SSID and password may succ Preconditions（前置条件/环境准备） 1. 平台已正常启动并进入系统 2. WiFi 模块已初始化 Steps（操作步骤） Step 1：hide ap on router settings 目的：完成「Hide SSID」测试操作 对应函数：step_configure_ap_hide_ssid(...) Checks（检查点） Check 1：Platform cannot search the AP 检查内容：Platform cannot search the AP 对应函数：check_ap_not_visible(...) Check 2：The platform enters the SSID and password may successfully connect to the AP. 检查内容：The platform enters the SSID and password may successfully connect to the AP. 对应函数：check_the_platform_enters_the_ssid(...) | P19: [{"kind": "step", "function_name": "step_configure_ap_hide_ssid", "description": "Hide SSID：hide ap on router settings", "category": "wifi", "tags": ["kind:step", "domain:wifi"], "params": {"hidden": {"name": "hidden", "type": "bool", "required": true, "default": true, "description": "True=隐藏SSID"}}, "pre_conditions": [], "post_conditions": []}, {"kind": "check", "function_name": "check_ap_not_visible", "description": "验证Hide SSID：Platform cannot search the AP", "category": "wifi", "tags": ["kind:check", "domain:wifi"], "params": {}, "pre_conditions": [{"id": "step_configure_ap_hide_ssid", "type": "step", "reason": "需先完成测试步骤"}], "post_conditions": []}, {"kind": "check", "function_name": "check_the_platform_enters_the_ssid", "description": "验证Hide SSID：The platform enters the SSID and password may successfully c", "category": "wifi", "tags": ["kind:check", "domain:wifi"], "params": {}, "pre_conditions": [{"id": "step_configure_ap_hide_ssid", "type": "step", "reason": "需先完成测试步骤"}], "post_conditions": []}]
A20: Wifi_Func_027 | B20: Connect AP | C20: Unhide SSID | E20: unhide ap on router settings | F20: Platform can search the AP and connect it | G20: P1 | H20: N/A | J20: weidong.feng | M20: Yes | O20: Summary（概要） 在Connect AP场景下执行「Unhide SSID」，验证：Platform can search the AP and connect it Preconditions（前置条件/环境准备） 1. 平台已正常启动并进入系统 2. WiFi 模块已初始化 Steps（操作步骤） Step 1：unhide ap on router settings 目的：完成「Unhide SSID」测试操作 对应函数：step_configure_ap_hide_ssid(...) Checks（检查点） Check 1：Platform can search the AP and connect it 检查内容：Platform can search the AP and connect it 对应函数：check_wifi_connected(...) | P20: [{"kind": "step", "function_name": "step_configure_ap_hide_ssid", "description": "Unhide SSID：unhide ap on router settings", "category": "wifi", "tags": ["kind:step", "domain:wifi"], "params": {"hidden": {"name": "hidden", "type": "bool", "required": true, "default": true, "description": "True=隐藏SSID"}}, "pre_conditions": [], "post_conditions": []}, {"kind": "check", "function_name": "check_wifi_connected", "description": "验证Unhide SSID：Platform can search the AP and connect it", "category": "wifi", "tags": ["kind:check", "domain:wifi"], "params": {"expected_ssid": {"name": "expected_ssid", "type": "str", "required": false, "default": null, "description": "预期已连接的SSID"}}, "pre_conditions": [{"id": "step_configure_ap_hide_ssid", "type": "step", "reason": "需先完成测试步骤"}], "post_conditions": []}]
A21: Wifi_Func_015 | B21: Connect AP | C21: The connected AP is powered off/on | E21: 1.Connect an AP 2.The AP power off 3.The AP power on | F21: 1.After step 2，platform disconnect with the AP 2.After step 3，platform auto connect with the AP | G21: P1 | H21: N/A | J21: weidong.feng | M21: Yes | O21: Summary（概要） 在Connect AP场景下执行「The connected AP is powered off/on」，验证：After step 2，platform disconnect with the AP；After step 3，platfo Preconditions（前置条件/环境准备） 1. 平台已正常启动并进入系统 2. WiFi 模块已初始化 Steps（操作步骤） Step 1：Connect an AP 目的：完成「The connected AP is powered off/on」测试操作 对应函数：step_connect_wifi(...) Step 2：The AP power off 目的：完成「The connected AP is powered off/on」测试操作 对应函数：step_power_off_ap(...) Step 3：The AP power on 目的：完成「The connected AP is powered off/on」测试操作 对应函数：step_power_on_ap(...) Checks（检查点） Check 1：After step 2，platform disconnect with the AP 检查内容：After step 2，platform disconnect with the AP 对应函数：check_wifi_disconnected(...) Check 2：After step 3，platform auto connect with the AP 检查内容：After step 3，platform auto connect with the AP 对应函数：check_wifi_auto_reconnected(...) | P21: [{"kind": "step", "function_name": "step_connect_wifi", "description": "The connected AP is powered off/on：Connect an AP", "category": "wifi", "tags": ["kind:step", "domain:wifi"], "params": {"ssid": {"name": "ssid", "type": "str", "required": true, "default": null, "description": "目标AP的SSID"}, "password": {"name": "password", "type": "str", "required": false, "default": null, "description": "WiFi密码，开放网络可为空"}, "auth_type": {"name": "auth_type", "type": "str", "required": false, "default": null, "description": "认证类型如 WPA2/WPA3/Open/WEP"}}, "pre_conditions": [], "post_conditions": []}, {"kind": "step", "function_name": "step_power_off_ap", "description": "The connected AP is powered off/on：The AP power off", "category": "wifi", "tags": ["kind:step", "domain:wifi"], "params": {"ap_id": {"name": "ap_id", "type": "str", "required": false, "default": "AP1", "description": "AP标识"}}, "pre_conditions": [{"id": "step_connect_wifi", "type": "step", "reason": "前置步骤必须先完成"}], "post_conditions": []}, {"kind": "step", "function_name": "step_power_on_ap", "description": "The connected AP is powered off/on：The AP power on", "category": "wifi", "tags": ["kind:step", "domain:wifi"], "params": {"ap_id": {"name": "ap_id", "type": "str", "required": false, "default": "AP1", "description": "AP标识"}}, "pre_conditions": [{"id": "step_power_off_ap", "type": "step", "reason": "前置步骤必须先完成"}], "post_conditions": []}, {"kind": "check", "function_name": "check_wifi_disconnected", "description": "验证The connected AP is powered off/on：After step 2，platform disconnect with the AP", "category": "wifi", "tags": ["kind:check", "domain:wifi"], "params": {}, "pre_conditions": [{"id": "step_power_on_ap", "type": "step", "reason": "需先完成测试步骤"}], "post_conditions": []}, {"kind": "check", "function_name": "check_wifi_auto_reconnected", "description": "验证The connected AP is powered off/on：After step 3，platform auto connect with the AP", "category": "wifi", "tags": ["kind:check", "domain:wifi"], "params": {"expected_ssid": {"name": "expected_ssid", "type": "str", "required": false, "default": null, "description": "预期自动重连的SSID"}}, "pre_conditions": [{"id": "step_power_on_ap", "type": "step", "reason": "需先完成测试步骤"}], "post_conditions": []}]
A22: Wifi_Func_016 | B22: Connect AP | C22: AP2 fail, back to AP1 | D22: Multiple APs | E22: connect another AP with wrong password | F22: connection fail. It will automatically switch to the AP1 connection | G22: P1 | H22: N/A | J22: weidong.feng | M22: Yes | O22: Summary（概要） 在Connect AP场景下执行「AP2 fail, back to AP1」，验证：connection fail. It will automatically switch to t Preconditions（前置条件/环境准备） 1. 平台已正常启动并进入系统 2. WiFi 模块已初始化 3. Multiple APs Steps（操作步骤） Step 1：connect another AP with wrong password 目的：完成「AP2 fail, back to AP1」测试操作 对应函数：step_connect_wifi(...) Checks（检查点） Check 1：connection fail. It will automatically switch to the AP1 connection 检查内容：connection fail. It will automatically switch to the AP1 connection 对应函数：check_wifi_connected(...) | P22: [{"kind": "step", "function_name": "step_connect_wifi", "description": "AP2 fail, back to AP1：connect another AP with wrong password", "category": "wifi", "tags": ["kind:step", "domain:wifi"], "params": {"ssid": {"name": "ssid", "type": "str", "required": true, "default": null, "description": "目标AP的SSID"}, "password": {"name": "password", "type": "str", "required": false, "default": null, "description": "WiFi密码，开放网络可为空"}, "auth_type": {"name": "auth_type", "type": "str", "required": false, "default": null, "description": "认证类型如 WPA2/WPA3/Open/WEP"}}, "pre_conditions": [], "post_conditions": []}, {"kind": "check", "function_name": "check_wifi_connected", "description": "验证AP2 fail, back to AP1：connection fail. It will automatically switch to the AP1 con", "category": "wifi", "tags": ["kind:check", "domain:wifi"], "params": {"expected_ssid": {"name": "expected_ssid", "type": "str", "required": false, "default": null, "description": "预期已连接的SSID"}}, "pre_conditions": [{"id": "step_connect_wifi", "type": "step", "reason": "需先完成测试步骤"}], "post_conditions": []}]
A23: Wifi_Func_017 | B23: Connect AP | C23: AP2 successfull | D23: Multiple APs | E23: entering the correct password | F23: AP2 connects successfully and disconnects from AP1 | G23: P1 | H23: N/A | J23: weidong.feng | M23: Yes | O23: Summary（概要） 在Connect AP场景下执行「AP2 successfull」，验证：AP2 connects successfully and disconnects from AP1 Preconditions（前置条件/环境准备） 1. 平台已正常启动并进入系统 2. WiFi 模块已初始化 3. Multiple APs Steps（操作步骤） Step 1：entering the correct password 目的：完成「AP2 successfull」测试操作 对应函数：step_connect_wifi(...) Checks（检查点） Check 1：AP2 connects successfully and disconnects from AP1 检查内容：AP2 connects successfully and disconnects from AP1 对应函数：check_wifi_connected(...) | P23: [{"kind": "step", "function_name": "step_connect_wifi", "description": "AP2 successfull：entering the correct password", "category": "wifi", "tags": ["kind:step", "domain:wifi"], "params": {"ssid": {"name": "ssid", "type": "str", "required": true, "default": null, "description": "目标AP的SSID"}, "password": {"name": "password", "type": "str", "required": false, "default": null, "description": "WiFi密码，开放网络可为空"}, "auth_type": {"name": "auth_type", "type": "str", "required": false, "default": null, "description": "认证类型如 WPA2/WPA3/Open/WEP"}}, "pre_conditions": [], "post_conditions": []}, {"kind": "check", "function_name": "check_wifi_connected", "description": "验证AP2 successfull：AP2 connects successfully and disconnects from AP1", "category": "wifi", "tags": ["kind:check", "domain:wifi"], "params": {"expected_ssid": {"name": "expected_ssid", "type": "str", "required": false, "default": null, "description": "预期已连接的SSID"}}, "pre_conditions": [{"id": "step_connect_wifi", "type": "step", "reason": "需先完成测试步骤"}], "post_conditions": []}]
A24: Wifi_Func_018 | B24: Connect AP | C24: Connected AP2 power off | D24: Multiple APs | E24: The currently connected AP2 is powered off | F24: 1.The platform will disconnect from AP2 and automatically connect to AP1 with saved password. 2.If the platform saves the passwords of multiple APs, select an AP with the strongest signal strength to connect automatically | G24: P1 | H24: N/A | J24: weidong.feng | K24: Yes | L24: Yes | M24: Yes | O24: Summary（概要） 在Connect AP场景下执行「Connected AP2 power off」，验证：The platform will disconnect from AP2 and automati；If the platform saves th Preconditions（前置条件/环境准备） 1. 平台已正常启动并进入系统 2. WiFi 模块已初始化 3. Multiple APs Steps（操作步骤） Step 1：The currently connected AP2 is powered off 目的：完成「Connected AP2 power off」测试操作 对应函数：step_connect_wifi(...) Checks（检查点） Check 1：The platform will disconnect from AP2 and automatically connect to AP1 with save 检查内容：The platform will disconnect from AP2 and automatically connect to AP1 with saved password. 对应函数：check_wifi_connected(...) Check 2：If the platform saves the passwords of multiple APs, select an AP with the stron 检查内容：If the platform saves the passwords of multiple APs, select an AP with the strongest signal strength to connect automatically 对应函数：check_wifi_connected(...) | P24: [{"kind": "step", "function_name": "step_connect_wifi", "description": "Connected AP2 power off：The currently connected AP2 is powered off", "category": "wifi", "tags": ["kind:step", "domain:wifi"], "params": {"ssid": {"name": "ssid", "type": "str", "required": true, "default": null, "description": "目标AP的SSID"}, "password": {"name": "password", "type": "str", "required": false, "default": null, "description": "WiFi密码，开放网络可为空"}, "auth_type": {"name": "auth_type", "type": "str", "required": false, "default": null, "description": "认证类型如 WPA2/WPA3/Open/WEP"}}, "pre_conditions": [], "post_conditions": []}, {"kind": "check", "function_name": "check_wifi_connected", "description": "验证Connected AP2 power off：The platform will disconnect from AP2 and automatically conn", "category": "wifi", "tags": ["kind:check", "domain:wifi"], "params": {"expected_ssid": {"name": "expected_ssid", "type": "str", "required": false, "default": null, "description": "预期已连接的SSID"}}, "pre_conditions": [{"id": "step_connect_wifi", "type": "step", "reason": "需先完成测试步骤"}], "post_conditions": []}]
A25: Wifi_Func_019 | B25: Connect AP | C25: AP2 power on | D25: Multiple APs | E25: AP2 is powered on again | F25: In the AP LIST interface, AP2 will automatically update the current status, and the help text becomes "saved" | G25: P1 | H25: N/A | J25: weidong.feng | M25: Yes | O25: Summary（概要） 在Connect AP场景下执行「AP2 power on」，验证：In the AP LIST interface, AP2 will automatically u Preconditions（前置条件/环境准备） 1. 平台已正常启动并进入系统 2. WiFi 模块已初始化 3. Multiple APs Steps（操作步骤） Step 1：AP2 is powered on again 目的：完成「AP2 power on」测试操作 对应函数：step_power_on_ap(...) Checks（检查点） Check 1：In the AP LIST interface, AP2 will automatically update the current status, and 检查内容：In the AP LIST interface, AP2 will automatically update the current status, and the help text becomes "saved" 对应函数：check_ap_list_display(...) | P25: [{"kind": "step", "function_name": "step_power_on_ap", "description": "AP2 power on：AP2 is powered on again", "category": "wifi", "tags": ["kind:step", "domain:wifi"], "params": {"ap_id": {"name": "ap_id", "type": "str", "required": false, "default": "AP1", "description": "AP标识"}}, "pre_conditions": [], "post_conditions": []}, {"kind": "check", "function_name": "check_ap_list_display", "description": "验证AP2 power on：In the AP LIST interface, AP2 will automatically update the ", "category": "wifi", "tags": ["kind:check", "domain:wifi"], "params": {}, "pre_conditions": [{"id": "step_power_on_ap", "type": "step", "reason": "需先完成测试步骤"}], "post_conditions": []}]
A26: Wifi_Func_020 | B26: Connect AP | C26: Saved status connect | D26: Multiple APs | E26: Select AP2 again on the AP LIST interface,click "Connect" option | F26: Connect AP2 successful | G26: P1 | H26: N/A | J26: weidong.feng | M26: Yes | O26: Summary（概要） 在Connect AP场景下执行「Saved status connect」，验证：Connect AP2 successful Preconditions（前置条件/环境准备） 1. 平台已正常启动并进入系统 2. WiFi 模块已初始化 3. Multiple APs Steps（操作步骤） Step 1：Select AP2 again on the AP LIST interface,click "Connect" option 目的：完成「Saved status connect」测试操作 对应函数：step_connect_wifi(...) Checks（检查点） Check 1：Connect AP2 successful 检查内容：Connect AP2 successful 对应函数：check_wifi_connected(...) | P26: [{"kind": "step", "function_name": "step_connect_wifi", "description": "Saved status connect：Select AP2 again on the AP LIST interface,click \"Connect\" op", "category": "wifi", "tags": ["kind:step", "domain:wifi"], "params": {"ssid": {"name": "ssid", "type": "str", "required": true, "default": null, "description": "目标AP的SSID"}, "password": {"name": "password", "type": "str", "required": false, "default": null, "description": "WiFi密码，开放网络可为空"}, "auth_type": {"name": "auth_type", "type": "str", "required": false, "default": null, "description": "认证类型如 WPA2/WPA3/Open/WEP"}}, "pre_conditions": [], "post_conditions": []}, {"kind": "check", "function_name": "check_wifi_connected", "description": "验证Saved status connect：Connect AP2 successful", "category": "wifi", "tags": ["kind:check", "domain:wifi"], "params": {"expected_ssid": {"name": "expected_ssid", "type": "str", "required": false, "default": null, "description": "预期已连接的SSID"}}, "pre_conditions": [{"id": "step_connect_wifi", "type": "step", "reason": "需先完成测试步骤"}], "post_conditions": []}]
A27: Wifi_Func_021 | B27: Connect AP | C27: Restart with wifi off | E27: Reboot the platform when the platform wifi switch is off | F27: After restart ，wifi switch keep closing status | G27: P1 | H27: N/A | J27: weidong.feng | M27: Yes | O27: Summary（概要） 在Connect AP场景下执行「Restart with wifi off」，验证：After restart ，wifi switch keep closing status Preconditions（前置条件/环境准备） 1. 平台已正常启动并进入系统 2. WiFi 模块已初始化 Steps（操作步骤） Step 1：Reboot the platform when the platform wifi switch is off 目的：完成「Restart with wifi off」测试操作 对应函数：step_toggle_wifi(...) Checks（检查点） Check 1：After restart ，wifi switch keep closing status 检查内容：After restart ，wifi switch keep closing status 对应函数：check_after_restart_wifi_switch_k(...) | P27: [{"kind": "step", "function_name": "step_toggle_wifi", "description": "Restart with wifi off：Reboot the platform when the platform wifi switch is off", "category": "wifi", "tags": ["kind:step", "domain:wifi"], "params": {"enabled": {"name": "enabled", "type": "bool", "required": true, "default": false, "description": "False=关闭WiFi"}}, "pre_conditions": [], "post_conditions": []}, {"kind": "check", "function_name": "check_after_restart_wifi_switch_k", "description": "验证Restart with wifi off：After restart ，wifi switch keep closing status", "category": "wifi", "tags": ["kind:check", "domain:wifi"], "params": {}, "pre_conditions": [{"id": "step_toggle_wifi", "type": "step", "reason": "需先完成测试步骤"}], "post_conditions": []}]
A28: Wifi_Func_022 | B28: Connect AP | C28: Restart wifi ap connected | E28: Reboot the platform when the platform connect an AP | F28: After restart ，wifi keep connectting status and search Internet normal | G28: P1 | H28: N/A | J28: weidong.feng | M28: Yes | O28: Summary（概要） 在Connect AP场景下执行「Restart wifi ap connected」，验证：After restart ，wifi keep connectting status and se Preconditions（前置条件/环境准备） 1. 平台已正常启动并进入系统 2. WiFi 模块已初始化 Steps（操作步骤） Step 1：Reboot the platform when the platform connect an AP 目的：完成「Restart wifi ap connected」测试操作 对应函数：step_connect_wifi(...) Checks（检查点） Check 1：After restart ，wifi keep connectting status and search Internet normal 检查内容：After restart ，wifi keep connectting status and search Internet normal 对应函数：check_wifi_state(...) | P28: [{"kind": "step", "function_name": "step_connect_wifi", "description": "Restart wifi ap connected：Reboot the platform when the platform connect an AP", "category": "wifi", "tags": ["kind:step", "domain:wifi"], "params": {"ssid": {"name": "ssid", "type": "str", "required": true, "default": null, "description": "目标AP的SSID"}, "password": {"name": "password", "type": "str", "required": false, "default": null, "description": "WiFi密码，开放网络可为空"}, "auth_type": {"name": "auth_type", "type": "str", "required": false, "default": null, "description": "认证类型如 WPA2/WPA3/Open/WEP"}}, "pre_conditions": [], "post_conditions": []}, {"kind": "check", "function_name": "check_wifi_state", "description": "验证Restart wifi ap connected：After restart ，wifi keep connectting status and search Inter", "category": "wifi", "tags": ["kind:check", "domain:wifi"], "params": {"expected": {"name": "expected", "type": "bool", "required": true, "default": true, "description": "True=WiFi应开启"}}, "pre_conditions": [{"id": "step_connect_wifi", "type": "step", "reason": "需先完成测试步骤"}], "post_conditions": []}]
A29: Wifi_Func_023 | B29: Connect AP | C29: Standby wake up reconnect | E29: wakeup the platform from standby when the platform connect an AP | F29: After waking up ，wifi keep connectting status and search Internet normal | G29: P1 | H29: N/A | J29: weidong.feng | M29: Yes | O29: Summary（概要） 在Connect AP场景下执行「Standby wake up reconnect」，验证：After waking up ，wifi keep connectting status and Preconditions（前置条件/环境准备） 1. 平台已正常启动并进入系统 2. WiFi 模块已初始化 Steps（操作步骤） Step 1：wakeup the platform from standby when the platform connect an AP 目的：完成「Standby wake up reconnect」测试操作 对应函数：step_connect_wifi(...) Checks（检查点） Check 1：After waking up ，wifi keep connectting status and search Internet normal 检查内容：After waking up ，wifi keep connectting status and search Internet normal 对应函数：check_wifi_state(...) | P29: [{"kind": "step", "function_name": "step_connect_wifi", "description": "Standby wake up reconnect：wakeup the platform from standby when the platform connect a", "category": "wifi", "tags": ["kind:step", "domain:wifi"], "params": {"ssid": {"name": "ssid", "type": "str", "required": true, "default": null, "description": "目标AP的SSID"}, "password": {"name": "password", "type": "str", "required": false, "default": null, "description": "WiFi密码，开放网络可为空"}, "auth_type": {"name": "auth_type", "type": "str", "required": false, "default": null, "description": "认证类型如 WPA2/WPA3/Open/WEP"}}, "pre_conditions": [], "post_conditions": []}, {"kind": "check", "function_name": "check_wifi_state", "description": "验证Standby wake up reconnect：After waking up ，wifi keep connectting status and search Int", "category": "wifi", "tags": ["kind:check", "domain:wifi"], "params": {"expected": {"name": "expected", "type": "bool", "required": true, "default": true, "description": "True=WiFi应开启"}}, "pre_conditions": [{"id": "step_connect_wifi", "type": "step", "reason": "需先完成测试步骤"}], "post_conditions": []}]
A30: Wifi_Func_024 | B30: Connect AP | C30: Switch ap | E30: Switching connecting between AP1 and AP2 | F30: Switch connecting successful | G30: P1 | H30: N/A | J30: weidong.feng | M30: Yes | O30: Summary（概要） 在Connect AP场景下执行「Switch ap」，验证：Switch connecting successful Preconditions（前置条件/环境准备） 1. 平台已正常启动并进入系统 2. WiFi 模块已初始化 Steps（操作步骤） Step 1：Switching connecting between AP1 and AP2 目的：完成「Switch ap」测试操作 对应函数：step_connect_wifi(...) Checks（检查点） Check 1：Switch connecting successful 检查内容：Switch connecting successful 对应函数：check_wifi_connected(...) | P30: [{"kind": "step", "function_name": "step_connect_wifi", "description": "Switch ap：Switching connecting between AP1 and AP2", "category": "wifi", "tags": ["kind:step", "domain:wifi"], "params": {"ssid": {"name": "ssid", "type": "str", "required": true, "default": null, "description": "目标AP的SSID"}, "password": {"name": "password", "type": "str", "required": false, "default": null, "description": "WiFi密码，开放网络可为空"}, "auth_type": {"name": "auth_type", "type": "str", "required": false, "default": null, "description": "认证类型如 WPA2/WPA3/Open/WEP"}}, "pre_conditions": [], "post_conditions": []}, {"kind": "check", "function_name": "check_wifi_connected", "description": "验证Switch ap：Switch connecting successful", "category": "wifi", "tags": ["kind:check", "domain:wifi"], "params": {"expected_ssid": {"name": "expected_ssid", "type": "str", "required": false, "default": null, "description": "预期已连接的SSID"}}, "pre_conditions": [{"id": "step_connect_wifi", "type": "step", "reason": "需先完成测试步骤"}], "post_conditions": []}]
A31: Wifi_Func_025 | B31: Connect AP | C31: switch DHCP and static | E31: Switching IP between DHCP and static | F31: Switch IP successful | G31: P1 | H31: N/A | J31: weidong.feng | M31: Yes | O31: Summary（概要） 在Connect AP场景下执行「switch DHCP and static」，验证：Switch IP successful Preconditions（前置条件/环境准备） 1. 平台已正常启动并进入系统 2. WiFi 模块已初始化 Steps（操作步骤） Step 1：Switching IP between DHCP and static 目的：完成「switch DHCP and static」测试操作 对应函数：step_switch_wifi_ip_mode(...) Checks（检查点） Check 1：Switch IP successful 检查内容：Switch IP successful 对应函数：check_switch_ip_successful(...) | P31: [{"kind": "step", "function_name": "step_switch_wifi_ip_mode", "description": "switch DHCP and static：Switching IP between DHCP and static", "category": "wifi", "tags": ["kind:step", "domain:wifi"], "params": {"mode": {"name": "mode", "type": "str", "required": true, "default": "dhcp", "description": "IP模式: dhcp/static"}}, "pre_conditions": [], "post_conditions": []}, {"kind": "check", "function_name": "check_switch_ip_successful", "description": "验证switch DHCP and static：Switch IP successful", "category": "wifi", "tags": ["kind:check", "domain:wifi"], "params": {}, "pre_conditions": [{"id": "step_switch_wifi_ip_mode", "type": "step", "reason": "需先完成测试步骤"}], "post_conditions": []}]
A32: Wifi_Func_028 | B32: Connect AP | C32: Connect AP with 1 bits name | E32: SSID is set to 1 character or number，then platform connect the AP | F32: Platform connect the AP successful | G32: P1 | H32: N/A | J32: weidong.feng | M32: Yes | O32: Summary（概要） 在Connect AP场景下执行「Connect AP with 1 bits name」，验证：Platform connect the AP successful Preconditions（前置条件/环境准备） 1. 平台已正常启动并进入系统 2. WiFi 模块已初始化 Steps（操作步骤） Step 1：SSID is set to 1 character or number，then platform connect the AP 目的：完成「Connect AP with 1 bits name」测试操作 对应函数：step_connect_wifi(...) Checks（检查点） Check 1：Platform connect the AP successful 检查内容：Platform connect the AP successful 对应函数：check_wifi_connected(...) | P32: [{"kind": "step", "function_name": "step_connect_wifi", "description": "Connect AP with 1 bits name：SSID is set to 1 character or number，then platform connect t", "category": "wifi", "tags": ["kind:step", "domain:wifi"], "params": {"ssid": {"name": "ssid", "type": "str", "required": true, "default": null, "description": "目标AP的SSID"}, "password": {"name": "password", "type": "str", "required": false, "default": null, "description": "WiFi密码，开放网络可为空"}, "auth_type": {"name": "auth_type", "type": "str", "required": false, "default": null, "description": "认证类型如 WPA2/WPA3/Open/WEP"}}, "pre_conditions": [], "post_conditions": []}, {"kind": "check", "function_name": "check_wifi_connected", "description": "验证Connect AP with 1 bits name：Platform connect the AP successful", "category": "wifi", "tags": ["kind:check", "domain:wifi"], "params": {"expected_ssid": {"name": "expected_ssid", "type": "str", "required": false, "default": null, "description": "预期已连接的SSID"}}, "pre_conditions": [{"id": "step_connect_wifi", "type": "step", "reason": "需先完成测试步骤"}], "post_conditions": []}]
A33: Wifi_Func_029 | B33: Connect AP | C33: Connect AP with 10 bits name | E33: SSID is set to 10 character or number，then platform connect the AP | F33: Platform connect the AP successful | G33: P1 | H33: N/A | J33: weidong.feng | M33: Yes | O33: Summary（概要） 在Connect AP场景下执行「Connect AP with 10 bits name」，验证：Platform connect the AP successful Preconditions（前置条件/环境准备） 1. 平台已正常启动并进入系统 2. WiFi 模块已初始化 Steps（操作步骤） Step 1：SSID is set to 10 character or number，then platform connect the AP 目的：完成「Connect AP with 10 bits name」测试操作 对应函数：step_connect_wifi(...) Checks（检查点） Check 1：Platform connect the AP successful 检查内容：Platform connect the AP successful 对应函数：check_wifi_connected(...) | P33: [{"kind": "step", "function_name": "step_connect_wifi", "description": "Connect AP with 10 bits name：SSID is set to 10 character or number，then platform connect ", "category": "wifi", "tags": ["kind:step", "domain:wifi"], "params": {"ssid": {"name": "ssid", "type": "str", "required": true, "default": null, "description": "目标AP的SSID"}, "password": {"name": "password", "type": "str", "required": false, "default": null, "description": "WiFi密码，开放网络可为空"}, "auth_type": {"name": "auth_type", "type": "str", "required": false, "default": null, "description": "认证类型如 WPA2/WPA3/Open/WEP"}}, "pre_conditions": [], "post_conditions": []}, {"kind": "check", "function_name": "check_wifi_connected", "description": "验证Connect AP with 10 bits name：Platform connect the AP successful", "category": "wifi", "tags": ["kind:check", "domain:wifi"], "params": {"expected_ssid": {"name": "expected_ssid", "type": "str", "required": false, "default": null, "description": "预期已连接的SSID"}}, "pre_conditions": [{"id": "step_connect_wifi", "type": "step", "reason": "需先完成测试步骤"}], "post_conditions": []}]
A34: Wifi_Func_030 | B34: Connect AP | C34: Connect AP with 32 bits name | E34: SSID is set to 32 character or number，then platform connect the AP | F34: Platform connect the AP successful | G34: P1 | H34: N/A | J34: weidong.feng | M34: Yes | O34: Summary（概要） 在Connect AP场景下执行「Connect AP with 32 bits name」，验证：Platform connect the AP successful Preconditions（前置条件/环境准备） 1. 平台已正常启动并进入系统 2. WiFi 模块已初始化 Steps（操作步骤） Step 1：SSID is set to 32 character or number，then platform connect the AP 目的：完成「Connect AP with 32 bits name」测试操作 对应函数：step_connect_wifi(...) Checks（检查点） Check 1：Platform connect the AP successful 检查内容：Platform connect the AP successful 对应函数：check_wifi_connected(...) | P34: [{"kind": "step", "function_name": "step_connect_wifi", "description": "Connect AP with 32 bits name：SSID is set to 32 character or number，then platform connect ", "category": "wifi", "tags": ["kind:step", "domain:wifi"], "params": {"ssid": {"name": "ssid", "type": "str", "required": true, "default": null, "description": "目标AP的SSID"}, "password": {"name": "password", "type": "str", "required": false, "default": null, "description": "WiFi密码，开放网络可为空"}, "auth_type": {"name": "auth_type", "type": "str", "required": false, "default": null, "description": "认证类型如 WPA2/WPA3/Open/WEP"}}, "pre_conditions": [], "post_conditions": []}, {"kind": "check", "function_name": "check_wifi_connected", "description": "验证Connect AP with 32 bits name：Platform connect the AP successful", "category": "wifi", "tags": ["kind:check", "domain:wifi"], "params": {"expected_ssid": {"name": "expected_ssid", "type": "str", "required": false, "default": null, "description": "预期已连接的SSID"}}, "pre_conditions": [{"id": "step_connect_wifi", "type": "step", "reason": "需先完成测试步骤"}], "post_conditions": []}]
A35: Wifi_Func_031 | B35: Connect AP | C35: wireless mode 802.11 bg | E35: Connect an AP which wireless mode is 802.11 bg | F35: Platform connect the AP successful | G35: P1 | H35: N/A | J35: weidong.feng | M35: Yes | O35: Summary（概要） 在Connect AP场景下执行「wireless mode 802.11 bg」，验证：Platform connect the AP successful Preconditions（前置条件/环境准备） 1. 平台已正常启动并进入系统 2. WiFi 模块已初始化 Steps（操作步骤） Step 1：Connect an AP which wireless mode is 802.11 bg 目的：完成「wireless mode 802.11 bg」测试操作 对应函数：step_connect_wifi(...) Checks（检查点） Check 1：Platform connect the AP successful 检查内容：Platform connect the AP successful 对应函数：check_wifi_connected(...) | P35: [{"kind": "step", "function_name": "step_connect_wifi", "description": "wireless mode 802.11 bg：Connect an AP which wireless mode is 802.11 bg", "category": "wifi", "tags": ["kind:step", "domain:wifi"], "params": {"ssid": {"name": "ssid", "type": "str", "required": true, "default": null, "description": "目标AP的SSID"}, "password": {"name": "password", "type": "str", "required": false, "default": null, "description": "WiFi密码，开放网络可为空"}, "auth_type": {"name": "auth_type", "type": "str", "required": false, "default": null, "description": "认证类型如 WPA2/WPA3/Open/WEP"}}, "pre_conditions": [], "post_conditions": []}, {"kind": "check", "function_name": "check_wifi_connected", "description": "验证wireless mode 802.11 bg：Platform connect the AP successful", "category": "wifi", "tags": ["kind:check", "domain:wifi"], "params": {"expected_ssid": {"name": "expected_ssid", "type": "str", "required": false, "default": null, "description": "预期已连接的SSID"}}, "pre_conditions": [{"id": "step_connect_wifi", "type": "step", "reason": "需先完成测试步骤"}], "post_conditions": []}]
A36: Wifi_Func_032 | B36: Connect AP | C36: wireless mode 802.11 b | E36: Connect an AP which wireless mode is 802.11 b | F36: Platform connect the AP successful | G36: P1 | H36: N/A | J36: weidong.feng | M36: Yes | O36: Summary（概要） 在Connect AP场景下执行「wireless mode 802.11 b」，验证：Platform connect the AP successful Preconditions（前置条件/环境准备） 1. 平台已正常启动并进入系统 2. WiFi 模块已初始化 Steps（操作步骤） Step 1：Connect an AP which wireless mode is 802.11 b 目的：完成「wireless mode 802.11 b」测试操作 对应函数：step_connect_wifi(...) Checks（检查点） Check 1：Platform connect the AP successful 检查内容：Platform connect the AP successful 对应函数：check_wifi_connected(...) | P36: [{"kind": "step", "function_name": "step_connect_wifi", "description": "wireless mode 802.11 b：Connect an AP which wireless mode is 802.11 b", "category": "wifi", "tags": ["kind:step", "domain:wifi"], "params": {"ssid": {"name": "ssid", "type": "str", "required": true, "default": null, "description": "目标AP的SSID"}, "password": {"name": "password", "type": "str", "required": false, "default": null, "description": "WiFi密码，开放网络可为空"}, "auth_type": {"name": "auth_type", "type": "str", "required": false, "default": null, "description": "认证类型如 WPA2/WPA3/Open/WEP"}}, "pre_conditions": [], "post_conditions": []}, {"kind": "check", "function_name": "check_wifi_connected", "description": "验证wireless mode 802.11 b：Platform connect the AP successful", "category": "wifi", "tags": ["kind:check", "domain:wifi"], "params": {"expected_ssid": {"name": "expected_ssid", "type": "str", "required": false, "default": null, "description": "预期已连接的SSID"}}, "pre_conditions": [{"id": "step_connect_wifi", "type": "step", "reason": "需先完成测试步骤"}], "post_conditions": []}]
A37: Wifi_Func_033 | B37: Connect AP | C37: wireless mode 802.11 g | E37: Connect an AP which wireless mode is 802.11 g | F37: Platform connect the AP successful | G37: P1 | H37: N/A | J37: weidong.feng | M37: Yes | O37: Summary（概要） 在Connect AP场景下执行「wireless mode 802.11 g」，验证：Platform connect the AP successful Preconditions（前置条件/环境准备） 1. 平台已正常启动并进入系统 2. WiFi 模块已初始化 Steps（操作步骤） Step 1：Connect an AP which wireless mode is 802.11 g 目的：完成「wireless mode 802.11 g」测试操作 对应函数：step_connect_wifi(...) Checks（检查点） Check 1：Platform connect the AP successful 检查内容：Platform connect the AP successful 对应函数：check_wifi_connected(...) | P37: [{"kind": "step", "function_name": "step_connect_wifi", "description": "wireless mode 802.11 g：Connect an AP which wireless mode is 802.11 g", "category": "wifi", "tags": ["kind:step", "domain:wifi"], "params": {"ssid": {"name": "ssid", "type": "str", "required": true, "default": null, "description": "目标AP的SSID"}, "password": {"name": "password", "type": "str", "required": false, "default": null, "description": "WiFi密码，开放网络可为空"}, "auth_type": {"name": "auth_type", "type": "str", "required": false, "default": null, "description": "认证类型如 WPA2/WPA3/Open/WEP"}}, "pre_conditions": [], "post_conditions": []}, {"kind": "check", "function_name": "check_wifi_connected", "description": "验证wireless mode 802.11 g：Platform connect the AP successful", "category": "wifi", "tags": ["kind:check", "domain:wifi"], "params": {"expected_ssid": {"name": "expected_ssid", "type": "str", "required": false, "default": null, "description": "预期已连接的SSID"}}, "pre_conditions": [{"id": "step_connect_wifi", "type": "step", "reason": "需先完成测试步骤"}], "post_conditions": []}]
A38: Wifi_Func_034 | B38: Connect AP | C38: wireless mode 802.11 n | E38: Connect an AP which wireless mode is 802.11 n | F38: Platform connect the AP successful | G38: P1 | H38: N/A | J38: weidong.feng | M38: Yes | O38: Summary（概要） 在Connect AP场景下执行「wireless mode 802.11 n」，验证：Platform connect the AP successful Preconditions（前置条件/环境准备） 1. 平台已正常启动并进入系统 2. WiFi 模块已初始化 Steps（操作步骤） Step 1：Connect an AP which wireless mode is 802.11 n 目的：完成「wireless mode 802.11 n」测试操作 对应函数：step_connect_wifi(...) Checks（检查点） Check 1：Platform connect the AP successful 检查内容：Platform connect the AP successful 对应函数：check_wifi_connected(...) | P38: [{"kind": "step", "function_name": "step_connect_wifi", "description": "wireless mode 802.11 n：Connect an AP which wireless mode is 802.11 n", "category": "wifi", "tags": ["kind:step", "domain:wifi"], "params": {"ssid": {"name": "ssid", "type": "str", "required": true, "default": null, "description": "目标AP的SSID"}, "password": {"name": "password", "type": "str", "required": false, "default": null, "description": "WiFi密码，开放网络可为空"}, "auth_type": {"name": "auth_type", "type": "str", "required": false, "default": null, "description": "认证类型如 WPA2/WPA3/Open/WEP"}}, "pre_conditions": [], "post_conditions": []}, {"kind": "check", "function_name": "check_wifi_connected", "description": "验证wireless mode 802.11 n：Platform connect the AP successful", "category": "wifi", "tags": ["kind:check", "domain:wifi"], "params": {"expected_ssid": {"name": "expected_ssid", "type": "str", "required": false, "default": null, "description": "预期已连接的SSID"}}, "pre_conditions": [{"id": "step_connect_wifi", "type": "step", "reason": "需先完成测试步骤"}], "post_conditions": []}]
A39: Wifi_Func_035 | B39: Connect AP | C39: wireless mode AX | E39: Connect an AP which wireless mode is AX only | F39: Platform connect the AP successful（If DUT not support,DUT connect wifi6 AP fail） | G39: P1 | H39: N/A | J39: weidong.feng | M39: Yes | O39: Summary（概要） 在Connect AP场景下执行「wireless mode AX」，验证：Platform connect the AP successful（If DUT not supp Preconditions（前置条件/环境准备） 1. 平台已正常启动并进入系统 2. WiFi 模块已初始化 Steps（操作步骤） Step 1：Connect an AP which wireless mode is AX only 目的：完成「wireless mode AX」测试操作 对应函数：step_connect_wifi(...) Checks（检查点） Check 1：Platform connect the AP successful（If DUT not support,DUT connect wifi6 AP fail） 检查内容：Platform connect the AP successful（If DUT not support,DUT connect wifi6 AP fail） 对应函数：check_wifi_connected(...) | P39: [{"kind": "step", "function_name": "step_connect_wifi", "description": "wireless mode AX：Connect an AP which wireless mode is AX only", "category": "wifi", "tags": ["kind:step", "domain:wifi"], "params": {"ssid": {"name": "ssid", "type": "str", "required": true, "default": null, "description": "目标AP的SSID"}, "password": {"name": "password", "type": "str", "required": false, "default": null, "description": "WiFi密码，开放网络可为空"}, "auth_type": {"name": "auth_type", "type": "str", "required": false, "default": null, "description": "认证类型如 WPA2/WPA3/Open/WEP"}}, "pre_conditions": [], "post_conditions": []}, {"kind": "check", "function_name": "check_wifi_connected", "description": "验证wireless mode AX：Platform connect the AP successful（If DUT not support,DUT co", "category": "wifi", "tags": ["kind:check", "domain:wifi"], "params": {"expected_ssid": {"name": "expected_ssid", "type": "str", "required": false, "default": null, "description": "预期已连接的SSID"}}, "pre_conditions": [{"id": "step_connect_wifi", "type": "step", "reason": "需先完成测试步骤"}], "post_conditions": []}]
A40: Wifi_Func_036 | B40: Connect AP | C40: wireless mode AC | E40: Connect an AP which wireless mode is AC | F40: Platform connect the AP successful | G40: P1 | H40: N/A | M40: Yes | O40: Summary（概要） 在Connect AP场景下执行「wireless mode AC」，验证：Platform connect the AP successful Preconditions（前置条件/环境准备） 1. 平台已正常启动并进入系统 2. WiFi 模块已初始化 Steps（操作步骤） Step 1：Connect an AP which wireless mode is AC 目的：完成「wireless mode AC」测试操作 对应函数：step_connect_wifi(...) Checks（检查点） Check 1：Platform connect the AP successful 检查内容：Platform connect the AP successful 对应函数：check_wifi_connected(...) | P40: [{"kind": "step", "function_name": "step_connect_wifi", "description": "wireless mode AC：Connect an AP which wireless mode is AC", "category": "wifi", "tags": ["kind:step", "domain:wifi"], "params": {"ssid": {"name": "ssid", "type": "str", "required": true, "default": null, "description": "目标AP的SSID"}, "password": {"name": "password", "type": "str", "required": false, "default": null, "description": "WiFi密码，开放网络可为空"}, "auth_type": {"name": "auth_type", "type": "str", "required": false, "default": null, "description": "认证类型如 WPA2/WPA3/Open/WEP"}}, "pre_conditions": [], "post_conditions": []}, {"kind": "check", "function_name": "check_wifi_connected", "description": "验证wireless mode AC：Platform connect the AP successful", "category": "wifi", "tags": ["kind:check", "domain:wifi"], "params": {"expected_ssid": {"name": "expected_ssid", "type": "str", "required": false, "default": null, "description": "预期已连接的SSID"}}, "pre_conditions": [{"id": "step_connect_wifi", "type": "step", "reason": "需先完成测试步骤"}], "post_conditions": []}]
A41: Wifi_Func_037 | B41: Connect AP | C41: wireless mode MIX | E41: Connect an AP which wireless mode is mix | F41: Platform connect the AP successful | G41: P1 | H41: N/A | J41: weidong.feng | K41: Yes | L41: Yes | M41: Yes | O41: Summary（概要） 在Connect AP场景下执行「wireless mode MIX」，验证：Platform connect the AP successful Preconditions（前置条件/环境准备） 1. 平台已正常启动并进入系统 2. WiFi 模块已初始化 Steps（操作步骤） Step 1：Connect an AP which wireless mode is mix 目的：完成「wireless mode MIX」测试操作 对应函数：step_connect_wifi(...) Checks（检查点） Check 1：Platform connect the AP successful 检查内容：Platform connect the AP successful 对应函数：check_wifi_connected(...) | P41: [{"kind": "step", "function_name": "step_connect_wifi", "description": "wireless mode MIX：Connect an AP which wireless mode is mix", "category": "wifi", "tags": ["kind:step", "domain:wifi"], "params": {"ssid": {"name": "ssid", "type": "str", "required": true, "default": null, "description": "目标AP的SSID"}, "password": {"name": "password", "type": "str", "required": false, "default": null, "description": "WiFi密码，开放网络可为空"}, "auth_type": {"name": "auth_type", "type": "str", "required": false, "default": null, "description": "认证类型如 WPA2/WPA3/Open/WEP"}}, "pre_conditions": [], "post_conditions": []}, {"kind": "check", "function_name": "check_wifi_connected", "description": "验证wireless mode MIX：Platform connect the AP successful", "category": "wifi", "tags": ["kind:check", "domain:wifi"], "params": {"expected_ssid": {"name": "expected_ssid", "type": "str", "required": false, "default": null, "description": "预期已连接的SSID"}}, "pre_conditions": [{"id": "step_connect_wifi", "type": "step", "reason": "需先完成测试步骤"}], "post_conditions": []}]
A42: Wifi_Func_038 | B42: Connect AP | C42: bandwidth 20M & channel 1 | E42: Connect an AP with bandwidth 20M & channel 1 | F42: Platform connect the AP successful | G42: P1 | H42: N/A | J42: weidong.feng | M42: Yes | O42: Summary（概要） 在Connect AP场景下执行「bandwidth 20M & channel 1」，验证：Platform connect the AP successful Preconditions（前置条件/环境准备） 1. 平台已正常启动并进入系统 2. WiFi 模块已初始化 Steps（操作步骤） Step 1：Connect an AP with bandwidth 20M & channel 1 目的：完成「bandwidth 20M & channel 1」测试操作 对应函数：step_configure_ap_channel(...) Checks（检查点） Check 1：Platform connect the AP successful 检查内容：Platform connect the AP successful 对应函数：check_wifi_connected(...) | P42: [{"kind": "step", "function_name": "step_configure_ap_channel", "description": "bandwidth 20M & channel 1：Connect an AP with bandwidth 20M & channel 1", "category": "wifi", "tags": ["kind:step", "domain:wifi"], "params": {"channel": {"name": "channel", "type": "int", "required": true, "default": null, "description": "WiFi信道号"}, "bandwidth": {"name": "bandwidth", "type": "str", "required": true, "default": null, "description": "信道带宽：20M/40M/80M/160M/mix"}}, "pre_conditions": [], "post_conditions": []}, {"kind": "check", "function_name": "check_wifi_connected", "description": "验证bandwidth 20M & channel 1：Platform connect the AP successful", "category": "wifi", "tags": ["kind:check", "domain:wifi"], "params": {"expected_ssid": {"name": "expected_ssid", "type": "str", "required": false, "default": null, "description": "预期已连接的SSID"}}, "pre_conditions": [{"id": "step_configure_ap_channel", "type": "step", "reason": "需先完成测试步骤"}], "post_conditions": []}]
A43: Wifi_Func_039 | B43: Connect AP | C43: bandwidth 20M & channel 2 | E43: Connect an AP with bandwidth 20M & channel 2 | F43: Platform connect the AP successful | G43: P1 | H43: N/A | J43: weidong.feng | M43: Yes | O43: Summary（概要） 在Connect AP场景下执行「bandwidth 20M & channel 2」，验证：Platform connect the AP successful Preconditions（前置条件/环境准备） 1. 平台已正常启动并进入系统 2. WiFi 模块已初始化 Steps（操作步骤） Step 1：Connect an AP with bandwidth 20M & channel 2 目的：完成「bandwidth 20M & channel 2」测试操作 对应函数：step_configure_ap_channel(...) Checks（检查点） Check 1：Platform connect the AP successful 检查内容：Platform connect the AP successful 对应函数：check_wifi_connected(...) | P43: [{"kind": "step", "function_name": "step_configure_ap_channel", "description": "bandwidth 20M & channel 2：Connect an AP with bandwidth 20M & channel 2", "category": "wifi", "tags": ["kind:step", "domain:wifi"], "params": {"channel": {"name": "channel", "type": "int", "required": true, "default": null, "description": "WiFi信道号"}, "bandwidth": {"name": "bandwidth", "type": "str", "required": true, "default": null, "description": "信道带宽：20M/40M/80M/160M/mix"}}, "pre_conditions": [], "post_conditions": []}, {"kind": "check", "function_name": "check_wifi_connected", "description": "验证bandwidth 20M & channel 2：Platform connect the AP successful", "category": "wifi", "tags": ["kind:check", "domain:wifi"], "params": {"expected_ssid": {"name": "expected_ssid", "type": "str", "required": false, "default": null, "description": "预期已连接的SSID"}}, "pre_conditions": [{"id": "step_configure_ap_channel", "type": "step", "reason": "需先完成测试步骤"}], "post_conditions": []}]
A44: Wifi_Func_040 | B44: Connect AP | C44: bandwidth 20M & channel 3 | E44: Connect an AP with bandwidth 20M & channel 3 | F44: Platform connect the AP successful | G44: P1 | H44: N/A | J44: weidong.feng | M44: Yes | O44: Summary（概要） 在Connect AP场景下执行「bandwidth 20M & channel 3」，验证：Platform connect the AP successful Preconditions（前置条件/环境准备） 1. 平台已正常启动并进入系统 2. WiFi 模块已初始化 Steps（操作步骤） Step 1：Connect an AP with bandwidth 20M & channel 3 目的：完成「bandwidth 20M & channel 3」测试操作 对应函数：step_configure_ap_channel(...) Checks（检查点） Check 1：Platform connect the AP successful 检查内容：Platform connect the AP successful 对应函数：check_wifi_connected(...) | P44: [{"kind": "step", "function_name": "step_configure_ap_channel", "description": "bandwidth 20M & channel 3：Connect an AP with bandwidth 20M & channel 3", "category": "wifi", "tags": ["kind:step", "domain:wifi"], "params": {"channel": {"name": "channel", "type": "int", "required": true, "default": null, "description": "WiFi信道号"}, "bandwidth": {"name": "bandwidth", "type": "str", "required": true, "default": null, "description": "信道带宽：20M/40M/80M/160M/mix"}}, "pre_conditions": [], "post_conditions": []}, {"kind": "check", "function_name": "check_wifi_connected", "description": "验证bandwidth 20M & channel 3：Platform connect the AP successful", "category": "wifi", "tags": ["kind:check", "domain:wifi"], "params": {"expected_ssid": {"name": "expected_ssid", "type": "str", "required": false, "default": null, "description": "预期已连接的SSID"}}, "pre_conditions": [{"id": "step_configure_ap_channel", "type": "step", "reason": "需先完成测试步骤"}], "post_conditions": []}]
A45: Wifi_Func_041 | B45: Connect AP | C45: bandwidth 20M & channel 4 | E45: Connect an with bandwidth 20M & channel 4 | F45: Platform connect the AP successful | G45: P1 | H45: N/A | J45: weidong.feng | M45: Yes | O45: Summary（概要） 在Connect AP场景下执行「bandwidth 20M & channel 4」，验证：Platform connect the AP successful Preconditions（前置条件/环境准备） 1. 平台已正常启动并进入系统 2. WiFi 模块已初始化 Steps（操作步骤） Step 1：Connect an with bandwidth 20M & channel 4 目的：完成「bandwidth 20M & channel 4」测试操作 对应函数：step_configure_ap_channel(...) Checks（检查点） Check 1：Platform connect the AP successful 检查内容：Platform connect the AP successful 对应函数：check_wifi_connected(...) | P45: [{"kind": "step", "function_name": "step_configure_ap_channel", "description": "bandwidth 20M & channel 4：Connect an with bandwidth 20M & channel 4", "category": "wifi", "tags": ["kind:step", "domain:wifi"], "params": {"channel": {"name": "channel", "type": "int", "required": true, "default": null, "description": "WiFi信道号"}, "bandwidth": {"name": "bandwidth", "type": "str", "required": true, "default": null, "description": "信道带宽：20M/40M/80M/160M/mix"}}, "pre_conditions": [], "post_conditions": []}, {"kind": "check", "function_name": "check_wifi_connected", "description": "验证bandwidth 20M & channel 4：Platform connect the AP successful", "category": "wifi", "tags": ["kind:check", "domain:wifi"], "params": {"expected_ssid": {"name": "expected_ssid", "type": "str", "required": false, "default": null, "description": "预期已连接的SSID"}}, "pre_conditions": [{"id": "step_configure_ap_channel", "type": "step", "reason": "需先完成测试步骤"}], "post_conditions": []}]
A46: Wifi_Func_042 | B46: Connect AP | C46: bandwidth 40M & channel 5 | E46: Connect an AP with bandwidth 40M & channel 5 | F46: Platform connect the AP successful | G46: P1 | H46: N/A | J46: weidong.feng | M46: Yes | O46: Summary（概要） 在Connect AP场景下执行「bandwidth 40M & channel 5」，验证：Platform connect the AP successful Preconditions（前置条件/环境准备） 1. 平台已正常启动并进入系统 2. WiFi 模块已初始化 Steps（操作步骤） Step 1：Connect an AP with bandwidth 40M & channel 5 目的：完成「bandwidth 40M & channel 5」测试操作 对应函数：step_configure_ap_channel(...) Checks（检查点） Check 1：Platform connect the AP successful 检查内容：Platform connect the AP successful 对应函数：check_wifi_connected(...) | P46: [{"kind": "step", "function_name": "step_configure_ap_channel", "description": "bandwidth 40M & channel 5：Connect an AP with bandwidth 40M & channel 5", "category": "wifi", "tags": ["kind:step", "domain:wifi"], "params": {"channel": {"name": "channel", "type": "int", "required": true, "default": null, "description": "WiFi信道号"}, "bandwidth": {"name": "bandwidth", "type": "str", "required": true, "default": null, "description": "信道带宽：20M/40M/80M/160M/mix"}}, "pre_conditions": [], "post_conditions": []}, {"kind": "check", "function_name": "check_wifi_connected", "description": "验证bandwidth 40M & channel 5：Platform connect the AP successful", "category": "wifi", "tags": ["kind:check", "domain:wifi"], "params": {"expected_ssid": {"name": "expected_ssid", "type": "str", "required": false, "default": null, "description": "预期已连接的SSID"}}, "pre_conditions": [{"id": "step_configure_ap_channel", "type": "step", "reason": "需先完成测试步骤"}], "post_conditions": []}]
A47: Wifi_Func_043 | B47: Connect AP | C47: bandwidth 40M & channel 6 | E47: Connect an AP with bandwidth 40M & channel 6 | F47: Platform connect the AP successful | G47: P1 | H47: N/A | J47: weidong.feng | K47: Yes | L47: Yes | M47: Yes | O47: Summary（概要） 在Connect AP场景下执行「bandwidth 40M & channel 6」，验证：Platform connect the AP successful Preconditions（前置条件/环境准备） 1. 平台已正常启动并进入系统 2. WiFi 模块已初始化 Steps（操作步骤） Step 1：Connect an AP with bandwidth 40M & channel 6 目的：完成「bandwidth 40M & channel 6」测试操作 对应函数：step_configure_ap_channel(...) Checks（检查点） Check 1：Platform connect the AP successful 检查内容：Platform connect the AP successful 对应函数：check_wifi_connected(...) | P47: [{"kind": "step", "function_name": "step_configure_ap_channel", "description": "bandwidth 40M & channel 6：Connect an AP with bandwidth 40M & channel 6", "category": "wifi", "tags": ["kind:step", "domain:wifi"], "params": {"channel": {"name": "channel", "type": "int", "required": true, "default": null, "description": "WiFi信道号"}, "bandwidth": {"name": "bandwidth", "type": "str", "required": true, "default": null, "description": "信道带宽：20M/40M/80M/160M/mix"}}, "pre_conditions": [], "post_conditions": []}, {"kind": "check", "function_name": "check_wifi_connected", "description": "验证bandwidth 40M & channel 6：Platform connect the AP successful", "category": "wifi", "tags": ["kind:check", "domain:wifi"], "params": {"expected_ssid": {"name": "expected_ssid", "type": "str", "required": false, "default": null, "description": "预期已连接的SSID"}}, "pre_conditions": [{"id": "step_configure_ap_channel", "type": "step", "reason": "需先完成测试步骤"}], "post_conditions": []}]
A48: Wifi_Func_044 | B48: Connect AP | C48: bandwidth 40M & channel 7 | E48: Connect an AP with bandwidth 40M & channel 7 | F48: Platform connect the AP successful | G48: P1 | H48: N/A | J48: weidong.feng | M48: Yes | O48: Summary（概要） 在Connect AP场景下执行「bandwidth 40M & channel 7」，验证：Platform connect the AP successful Preconditions（前置条件/环境准备） 1. 平台已正常启动并进入系统 2. WiFi 模块已初始化 Steps（操作步骤） Step 1：Connect an AP with bandwidth 40M & channel 7 目的：完成「bandwidth 40M & channel 7」测试操作 对应函数：step_configure_ap_channel(...) Checks（检查点） Check 1：Platform connect the AP successful 检查内容：Platform connect the AP successful 对应函数：check_wifi_connected(...) | P48: [{"kind": "step", "function_name": "step_configure_ap_channel", "description": "bandwidth 40M & channel 7：Connect an AP with bandwidth 40M & channel 7", "category": "wifi", "tags": ["kind:step", "domain:wifi"], "params": {"channel": {"name": "channel", "type": "int", "required": true, "default": null, "description": "WiFi信道号"}, "bandwidth": {"name": "bandwidth", "type": "str", "required": true, "default": null, "description": "信道带宽：20M/40M/80M/160M/mix"}}, "pre_conditions": [], "post_conditions": []}, {"kind": "check", "function_name": "check_wifi_connected", "description": "验证bandwidth 40M & channel 7：Platform connect the AP successful", "category": "wifi", "tags": ["kind:check", "domain:wifi"], "params": {"expected_ssid": {"name": "expected_ssid", "type": "str", "required": false, "default": null, "description": "预期已连接的SSID"}}, "pre_conditions": [{"id": "step_configure_ap_channel", "type": "step", "reason": "需先完成测试步骤"}], "post_conditions": []}]
A49: Wifi_Func_045 | B49: Connect AP | C49: bandwidth 40M & channel 8 | E49: Connect an AP with bandwidth 40M & channel 8 | F49: Platform connect the AP successful | G49: P1 | H49: N/A | J49: weidong.feng | M49: Yes | O49: Summary（概要） 在Connect AP场景下执行「bandwidth 40M & channel 8」，验证：Platform connect the AP successful Preconditions（前置条件/环境准备） 1. 平台已正常启动并进入系统 2. WiFi 模块已初始化 Steps（操作步骤） Step 1：Connect an AP with bandwidth 40M & channel 8 目的：完成「bandwidth 40M & channel 8」测试操作 对应函数：step_configure_ap_channel(...) Checks（检查点） Check 1：Platform connect the AP successful 检查内容：Platform connect the AP successful 对应函数：check_wifi_connected(...) | P49: [{"kind": "step", "function_name": "step_configure_ap_channel", "description": "bandwidth 40M & channel 8：Connect an AP with bandwidth 40M & channel 8", "category": "wifi", "tags": ["kind:step", "domain:wifi"], "params": {"channel": {"name": "channel", "type": "int", "required": true, "default": null, "description": "WiFi信道号"}, "bandwidth": {"name": "bandwidth", "type": "str", "required": true, "default": null, "description": "信道带宽：20M/40M/80M/160M/mix"}}, "pre_conditions": [], "post_conditions": []}, {"kind": "check", "function_name": "check_wifi_connected", "description": "验证bandwidth 40M & channel 8：Platform connect the AP successful", "category": "wifi", "tags": ["kind:check", "domain:wifi"], "params": {"expected_ssid": {"name": "expected_ssid", "type": "str", "required": false, "default": null, "description": "预期已连接的SSID"}}, "pre_conditions": [{"id": "step_configure_ap_channel", "type": "step", "reason": "需先完成测试步骤"}], "post_conditions": []}]
A50: Wifi_Func_046 | B50: Connect AP | C50: bandwidth mix & channel 9 | E50: Connect an AP with bandwidth mix & channel 9 | F50: Platform connect the AP successful | G50: P1 | H50: N/A | J50: weidong.feng | M50: Yes | O50: Summary（概要） 在Connect AP场景下执行「bandwidth mix & channel 9」，验证：Platform connect the AP successful Preconditions（前置条件/环境准备） 1. 平台已正常启动并进入系统 2. WiFi 模块已初始化 Steps（操作步骤） Step 1：Connect an AP with bandwidth mix & channel 9 目的：完成「bandwidth mix & channel 9」测试操作 对应函数：step_configure_ap_channel(...) Checks（检查点） Check 1：Platform connect the AP successful 检查内容：Platform connect the AP successful 对应函数：check_wifi_connected(...) | P50: [{"kind": "step", "function_name": "step_configure_ap_channel", "description": "bandwidth mix & channel 9：Connect an AP with bandwidth mix & channel 9", "category": "wifi", "tags": ["kind:step", "domain:wifi"], "params": {"channel": {"name": "channel", "type": "int", "required": true, "default": null, "description": "WiFi信道号"}, "bandwidth": {"name": "bandwidth", "type": "str", "required": true, "default": null, "description": "信道带宽：20M/40M/80M/160M/mix"}}, "pre_conditions": [], "post_conditions": []}, {"kind": "check", "function_name": "check_wifi_connected", "description": "验证bandwidth mix & channel 9：Platform connect the AP successful", "category": "wifi", "tags": ["kind:check", "domain:wifi"], "params": {"expected_ssid": {"name": "expected_ssid", "type": "str", "required": false, "default": null, "description": "预期已连接的SSID"}}, "pre_conditions": [{"id": "step_configure_ap_channel", "type": "step", "reason": "需先完成测试步骤"}], "post_conditions": []}]
A51: Wifi_Func_047 | B51: Connect AP | C51: bandwidth mix & channel 10 | E51: Connect an AP with bandwidth mix & channel 10 | F51: Platform connect the AP successful | G51: P1 | H51: N/A | J51: weidong.feng | M51: Yes | O51: Summary（概要） 在Connect AP场景下执行「bandwidth mix & channel 10」，验证：Platform connect the AP successful Preconditions（前置条件/环境准备） 1. 平台已正常启动并进入系统 2. WiFi 模块已初始化 Steps（操作步骤） Step 1：Connect an AP with bandwidth mix & channel 10 目的：完成「bandwidth mix & channel 10」测试操作 对应函数：step_configure_ap_channel(...) Checks（检查点） Check 1：Platform connect the AP successful 检查内容：Platform connect the AP successful 对应函数：check_wifi_connected(...) | P51: [{"kind": "step", "function_name": "step_configure_ap_channel", "description": "bandwidth mix & channel 10：Connect an AP with bandwidth mix & channel 10", "category": "wifi", "tags": ["kind:step", "domain:wifi"], "params": {"channel": {"name": "channel", "type": "int", "required": true, "default": null, "description": "WiFi信道号"}, "bandwidth": {"name": "bandwidth", "type": "str", "required": true, "default": null, "description": "信道带宽：20M/40M/80M/160M/mix"}}, "pre_conditions": [], "post_conditions": []}, {"kind": "check", "function_name": "check_wifi_connected", "description": "验证bandwidth mix & channel 10：Platform connect the AP successful", "category": "wifi", "tags": ["kind:check", "domain:wifi"], "params": {"expected_ssid": {"name": "expected_ssid", "type": "str", "required": false, "default": null, "description": "预期已连接的SSID"}}, "pre_conditions": [{"id": "step_configure_ap_channel", "type": "step", "reason": "需先完成测试步骤"}], "post_conditions": []}]
A52: Wifi_Func_048 | B52: Connect AP | C52: bandwidth mix & channel 11 | E52: Connect an AP with bandwidth mix & channel 11 | F52: Platform connect the AP successful | G52: P1 | H52: N/A | J52: weidong.feng | K52: Yes | L52: Yes | M52: Yes | O52: Summary（概要） 在Connect AP场景下执行「bandwidth mix & channel 11」，验证：Platform connect the AP successful Preconditions（前置条件/环境准备） 1. 平台已正常启动并进入系统 2. WiFi 模块已初始化 Steps（操作步骤） Step 1：Connect an AP with bandwidth mix & channel 11 目的：完成「bandwidth mix & channel 11」测试操作 对应函数：step_configure_ap_channel(...) Checks（检查点） Check 1：Platform connect the AP successful 检查内容：Platform connect the AP successful 对应函数：check_wifi_connected(...) | P52: [{"kind": "step", "function_name": "step_configure_ap_channel", "description": "bandwidth mix & channel 11：Connect an AP with bandwidth mix & channel 11", "category": "wifi", "tags": ["kind:step", "domain:wifi"], "params": {"channel": {"name": "channel", "type": "int", "required": true, "default": null, "description": "WiFi信道号"}, "bandwidth": {"name": "bandwidth", "type": "str", "required": true, "default": null, "description": "信道带宽：20M/40M/80M/160M/mix"}}, "pre_conditions": [], "post_conditions": []}, {"kind": "check", "function_name": "check_wifi_connected", "description": "验证bandwidth mix & channel 11：Platform connect the AP successful", "category": "wifi", "tags": ["kind:check", "domain:wifi"], "params": {"expected_ssid": {"name": "expected_ssid", "type": "str", "required": false, "default": null, "description": "预期已连接的SSID"}}, "pre_conditions": [{"id": "step_configure_ap_channel", "type": "step", "reason": "需先完成测试步骤"}], "post_conditions": []}]
A53: Wifi_Func_049 | B53: Connect AP | C53: bandwidth mix & channel 12 | E53: Connect an AP with bandwidth mix & channel 12 | F53: County US:can not display ap County China: Platform connect the AP successful | G53: P1 | H53: N/A | J53: weidong.feng | M53: Yes | O53: Summary（概要） 在Connect AP场景下执行「bandwidth mix & channel 12」，验证：County US:can not display ap County China: Platfor Preconditions（前置条件/环境准备） 1. 平台已正常启动并进入系统 2. WiFi 模块已初始化 Steps（操作步骤） Step 1：Connect an AP with bandwidth mix & channel 12 目的：完成「bandwidth mix & channel 12」测试操作 对应函数：step_configure_ap_channel(...) Checks（检查点） Check 1：County US:can not display ap County China: Platform connect the AP successful 检查内容：County US:can not display ap County China: Platform connect the AP successful 对应函数：check_wifi_connected(...) | P53: [{"kind": "step", "function_name": "step_configure_ap_channel", "description": "bandwidth mix & channel 12：Connect an AP with bandwidth mix & channel 12", "category": "wifi", "tags": ["kind:step", "domain:wifi"], "params": {"channel": {"name": "channel", "type": "int", "required": true, "default": null, "description": "WiFi信道号"}, "bandwidth": {"name": "bandwidth", "type": "str", "required": true, "default": null, "description": "信道带宽：20M/40M/80M/160M/mix"}}, "pre_conditions": [], "post_conditions": []}, {"kind": "check", "function_name": "check_wifi_connected", "description": "验证bandwidth mix & channel 12：County US:can not display ap County China: Platform connect ", "category": "wifi", "tags": ["kind:check", "domain:wifi"], "params": {"expected_ssid": {"name": "expected_ssid", "type": "str", "required": false, "default": null, "description": "预期已连接的SSID"}}, "pre_conditions": [{"id": "step_configure_ap_channel", "type": "step", "reason": "需先完成测试步骤"}], "post_conditions": []}]
A54: Wifi_Func_050 | B54: Connect AP | C54: bandwidth 20M & channel 13 | E54: Connect an AP with bandwidth 20M & channel 13 | F54: County US:can not display ap County China: Platform connect the AP successful | G54: P1 | H54: N/A | J54: weidong.feng | M54: Yes | O54: Summary（概要） 在Connect AP场景下执行「bandwidth 20M & channel 13」，验证：County US:can not display ap County China: Platfor Preconditions（前置条件/环境准备） 1. 平台已正常启动并进入系统 2. WiFi 模块已初始化 Steps（操作步骤） Step 1：Connect an AP with bandwidth 20M & channel 13 目的：完成「bandwidth 20M & channel 13」测试操作 对应函数：step_configure_ap_channel(...) Checks（检查点） Check 1：County US:can not display ap County China: Platform connect the AP successful 检查内容：County US:can not display ap County China: Platform connect the AP successful 对应函数：check_wifi_connected(...) | P54: [{"kind": "step", "function_name": "step_configure_ap_channel", "description": "bandwidth 20M & channel 13：Connect an AP with bandwidth 20M & channel 13", "category": "wifi", "tags": ["kind:step", "domain:wifi"], "params": {"channel": {"name": "channel", "type": "int", "required": true, "default": null, "description": "WiFi信道号"}, "bandwidth": {"name": "bandwidth", "type": "str", "required": true, "default": null, "description": "信道带宽：20M/40M/80M/160M/mix"}}, "pre_conditions": [], "post_conditions": []}, {"kind": "check", "function_name": "check_wifi_connected", "description": "验证bandwidth 20M & channel 13：County US:can not display ap County China: Platform connect ", "category": "wifi", "tags": ["kind:check", "domain:wifi"], "params": {"expected_ssid": {"name": "expected_ssid", "type": "str", "required": false, "default": null, "description": "预期已连接的SSID"}}, "pre_conditions": [{"id": "step_configure_ap_channel", "type": "step", "reason": "需先完成测试步骤"}], "post_conditions": []}]
A55: Wifi_Func_051 | B55: Connect AP | C55: bandwidth 20M & channel 36 | E55: Connect an AP with bandwidth 20M & channel 36 | F55: Platform connect the AP successful | G55: P1 | H55: N/A | J55: weidong.feng | K55: Yes | L55: Yes | M55: Yes | O55: Summary（概要） 在Connect AP场景下执行「bandwidth 20M & channel 36」，验证：Platform connect the AP successful Preconditions（前置条件/环境准备） 1. 平台已正常启动并进入系统 2. WiFi 模块已初始化 Steps（操作步骤） Step 1：Connect an AP with bandwidth 20M & channel 36 目的：完成「bandwidth 20M & channel 36」测试操作 对应函数：step_configure_ap_channel(...) Checks（检查点） Check 1：Platform connect the AP successful 检查内容：Platform connect the AP successful 对应函数：check_wifi_connected(...) | P55: [{"kind": "step", "function_name": "step_configure_ap_channel", "description": "bandwidth 20M & channel 36：Connect an AP with bandwidth 20M & channel 36", "category": "wifi", "tags": ["kind:step", "domain:wifi"], "params": {"channel": {"name": "channel", "type": "int", "required": true, "default": null, "description": "WiFi信道号"}, "bandwidth": {"name": "bandwidth", "type": "str", "required": true, "default": null, "description": "信道带宽：20M/40M/80M/160M/mix"}}, "pre_conditions": [], "post_conditions": []}, {"kind": "check", "function_name": "check_wifi_connected", "description": "验证bandwidth 20M & channel 36：Platform connect the AP successful", "category": "wifi", "tags": ["kind:check", "domain:wifi"], "params": {"expected_ssid": {"name": "expected_ssid", "type": "str", "required": false, "default": null, "description": "预期已连接的SSID"}}, "pre_conditions": [{"id": "step_configure_ap_channel", "type": "step", "reason": "需先完成测试步骤"}], "post_conditions": []}]
A56: Wifi_Func_052 | B56: Connect AP | C56: bandwidth 40M & channel 40 | E56: Connect an AP with bandwidth 40M & channel 40 | F56: Platform connect the AP successful | G56: P1 | H56: N/A | J56: weidong.feng | M56: Yes | O56: Summary（概要） 在Connect AP场景下执行「bandwidth 40M & channel 40」，验证：Platform connect the AP successful Preconditions（前置条件/环境准备） 1. 平台已正常启动并进入系统 2. WiFi 模块已初始化 Steps（操作步骤） Step 1：Connect an AP with bandwidth 40M & channel 40 目的：完成「bandwidth 40M & channel 40」测试操作 对应函数：step_configure_ap_channel(...) Checks（检查点） Check 1：Platform connect the AP successful 检查内容：Platform connect the AP successful 对应函数：check_wifi_connected(...) | P56: [{"kind": "step", "function_name": "step_configure_ap_channel", "description": "bandwidth 40M & channel 40：Connect an AP with bandwidth 40M & channel 40", "category": "wifi", "tags": ["kind:step", "domain:wifi"], "params": {"channel": {"name": "channel", "type": "int", "required": true, "default": null, "description": "WiFi信道号"}, "bandwidth": {"name": "bandwidth", "type": "str", "required": true, "default": null, "description": "信道带宽：20M/40M/80M/160M/mix"}}, "pre_conditions": [], "post_conditions": []}, {"kind": "check", "function_name": "check_wifi_connected", "description": "验证bandwidth 40M & channel 40：Platform connect the AP successful", "category": "wifi", "tags": ["kind:check", "domain:wifi"], "params": {"expected_ssid": {"name": "expected_ssid", "type": "str", "required": false, "default": null, "description": "预期已连接的SSID"}}, "pre_conditions": [{"id": "step_configure_ap_channel", "type": "step", "reason": "需先完成测试步骤"}], "post_conditions": []}]
A57: Wifi_Func_053 | B57: Connect AP | C57: bandwidth 80M & channel 44 | E57: Connect an AP with bandwidth 80M & channel 44 | F57: Platform connect the AP successful | G57: P1 | H57: N/A | J57: weidong.feng | M57: Yes | O57: Summary（概要） 在Connect AP场景下执行「bandwidth 80M & channel 44」，验证：Platform connect the AP successful Preconditions（前置条件/环境准备） 1. 平台已正常启动并进入系统 2. WiFi 模块已初始化 Steps（操作步骤） Step 1：Connect an AP with bandwidth 80M & channel 44 目的：完成「bandwidth 80M & channel 44」测试操作 对应函数：step_configure_ap_channel(...) Checks（检查点） Check 1：Platform connect the AP successful 检查内容：Platform connect the AP successful 对应函数：check_wifi_connected(...) | P57: [{"kind": "step", "function_name": "step_configure_ap_channel", "description": "bandwidth 80M & channel 44：Connect an AP with bandwidth 80M & channel 44", "category": "wifi", "tags": ["kind:step", "domain:wifi"], "params": {"channel": {"name": "channel", "type": "int", "required": true, "default": null, "description": "WiFi信道号"}, "bandwidth": {"name": "bandwidth", "type": "str", "required": true, "default": null, "description": "信道带宽：20M/40M/80M/160M/mix"}}, "pre_conditions": [], "post_conditions": []}, {"kind": "check", "function_name": "check_wifi_connected", "description": "验证bandwidth 80M & channel 44：Platform connect the AP successful", "category": "wifi", "tags": ["kind:check", "domain:wifi"], "params": {"expected_ssid": {"name": "expected_ssid", "type": "str", "required": false, "default": null, "description": "预期已连接的SSID"}}, "pre_conditions": [{"id": "step_configure_ap_channel", "type": "step", "reason": "需先完成测试步骤"}], "post_conditions": []}]
A58: Wifi_Func_054 | B58: Connect AP | C58: bandwidth 160M & channel 48 | E58: Connect an AP with bandwidth 160M & channel 48 | F58: Platform connect the AP successful | G58: P1 | H58: N/A | J58: weidong.feng | M58: Yes | O58: Summary（概要） 在Connect AP场景下执行「bandwidth 160M & channel 48」，验证：Platform connect the AP successful Preconditions（前置条件/环境准备） 1. 平台已正常启动并进入系统 2. WiFi 模块已初始化 Steps（操作步骤） Step 1：Connect an AP with bandwidth 160M & channel 48 目的：完成「bandwidth 160M & channel 48」测试操作 对应函数：step_configure_ap_channel(...) Checks（检查点） Check 1：Platform connect the AP successful 检查内容：Platform connect the AP successful 对应函数：check_wifi_connected(...) | P58: [{"kind": "step", "function_name": "step_configure_ap_channel", "description": "bandwidth 160M & channel 48：Connect an AP with bandwidth 160M & channel 48", "category": "wifi", "tags": ["kind:step", "domain:wifi"], "params": {"channel": {"name": "channel", "type": "int", "required": true, "default": null, "description": "WiFi信道号"}, "bandwidth": {"name": "bandwidth", "type": "str", "required": true, "default": null, "description": "信道带宽：20M/40M/80M/160M/mix"}}, "pre_conditions": [], "post_conditions": []}, {"kind": "check", "function_name": "check_wifi_connected", "description": "验证bandwidth 160M & channel 48：Platform connect the AP successful", "category": "wifi", "tags": ["kind:check", "domain:wifi"], "params": {"expected_ssid": {"name": "expected_ssid", "type": "str", "required": false, "default": null, "description": "预期已连接的SSID"}}, "pre_conditions": [{"id": "step_configure_ap_channel", "type": "step", "reason": "需先完成测试步骤"}], "post_conditions": []}]
A59: Wifi_Func_055 | B59: Connect AP | C59: bandwidth 20M & channel 52 | E59: Connect an AP with bandwidth 20M & channel 52 | F59: Platform connect the AP successful | G59: P1 | H59: N/A | J59: weidong.feng | M59: Yes | O59: Summary（概要） 在Connect AP场景下执行「bandwidth 20M & channel 52」，验证：Platform connect the AP successful Preconditions（前置条件/环境准备） 1. 平台已正常启动并进入系统 2. WiFi 模块已初始化 Steps（操作步骤） Step 1：Connect an AP with bandwidth 20M & channel 52 目的：完成「bandwidth 20M & channel 52」测试操作 对应函数：step_configure_ap_channel(...) Checks（检查点） Check 1：Platform connect the AP successful 检查内容：Platform connect the AP successful 对应函数：check_wifi_connected(...) | P59: [{"kind": "step", "function_name": "step_configure_ap_channel", "description": "bandwidth 20M & channel 52：Connect an AP with bandwidth 20M & channel 52", "category": "wifi", "tags": ["kind:step", "domain:wifi"], "params": {"channel": {"name": "channel", "type": "int", "required": true, "default": null, "description": "WiFi信道号"}, "bandwidth": {"name": "bandwidth", "type": "str", "required": true, "default": null, "description": "信道带宽：20M/40M/80M/160M/mix"}}, "pre_conditions": [], "post_conditions": []}, {"kind": "check", "function_name": "check_wifi_connected", "description": "验证bandwidth 20M & channel 52：Platform connect the AP successful", "category": "wifi", "tags": ["kind:check", "domain:wifi"], "params": {"expected_ssid": {"name": "expected_ssid", "type": "str", "required": false, "default": null, "description": "预期已连接的SSID"}}, "pre_conditions": [{"id": "step_configure_ap_channel", "type": "step", "reason": "需先完成测试步骤"}], "post_conditions": []}]
A60: Wifi_Func_056 | B60: Connect AP | C60: bandwidth 20M & channel 56 | E60: Connect an AP with bandwidth 20M & channel 56 | F60: Platform connect the AP successful | G60: P1 | H60: N/A | J60: weidong.feng | M60: Yes | O60: Summary（概要） 在Connect AP场景下执行「bandwidth 20M & channel 56」，验证：Platform connect the AP successful Preconditions（前置条件/环境准备） 1. 平台已正常启动并进入系统 2. WiFi 模块已初始化 Steps（操作步骤） Step 1：Connect an AP with bandwidth 20M & channel 56 目的：完成「bandwidth 20M & channel 56」测试操作 对应函数：step_configure_ap_channel(...) Checks（检查点） Check 1：Platform connect the AP successful 检查内容：Platform connect the AP successful 对应函数：check_wifi_connected(...) | P60: [{"kind": "step", "function_name": "step_configure_ap_channel", "description": "bandwidth 20M & channel 56：Connect an AP with bandwidth 20M & channel 56", "category": "wifi", "tags": ["kind:step", "domain:wifi"], "params": {"channel": {"name": "channel", "type": "int", "required": true, "default": null, "description": "WiFi信道号"}, "bandwidth": {"name": "bandwidth", "type": "str", "required": true, "default": null, "description": "信道带宽：20M/40M/80M/160M/mix"}}, "pre_conditions": [], "post_conditions": []}, {"kind": "check", "function_name": "check_wifi_connected", "description": "验证bandwidth 20M & channel 56：Platform connect the AP successful", "category": "wifi", "tags": ["kind:check", "domain:wifi"], "params": {"expected_ssid": {"name": "expected_ssid", "type": "str", "required": false, "default": null, "description": "预期已连接的SSID"}}, "pre_conditions": [{"id": "step_configure_ap_channel", "type": "step", "reason": "需先完成测试步骤"}], "post_conditions": []}]
A61: Wifi_Func_057 | B61: Connect AP | C61: bandwidth 40M & channel 60 | E61: Connect an AP with bandwidth 40M & channel 60 | F61: Platform connect the AP successful | G61: P1 | H61: N/A | J61: weidong.feng | M61: Yes | O61: Summary（概要） 在Connect AP场景下执行「bandwidth 40M & channel 60」，验证：Platform connect the AP successful Preconditions（前置条件/环境准备） 1. 平台已正常启动并进入系统 2. WiFi 模块已初始化 Steps（操作步骤） Step 1：Connect an AP with bandwidth 40M & channel 60 目的：完成「bandwidth 40M & channel 60」测试操作 对应函数：step_configure_ap_channel(...) Checks（检查点） Check 1：Platform connect the AP successful 检查内容：Platform connect the AP successful 对应函数：check_wifi_connected(...) | P61: [{"kind": "step", "function_name": "step_configure_ap_channel", "description": "bandwidth 40M & channel 60：Connect an AP with bandwidth 40M & channel 60", "category": "wifi", "tags": ["kind:step", "domain:wifi"], "params": {"channel": {"name": "channel", "type": "int", "required": true, "default": null, "description": "WiFi信道号"}, "bandwidth": {"name": "bandwidth", "type": "str", "required": true, "default": null, "description": "信道带宽：20M/40M/80M/160M/mix"}}, "pre_conditions": [], "post_conditions": []}, {"kind": "check", "function_name": "check_wifi_connected", "description": "验证bandwidth 40M & channel 60：Platform connect the AP successful", "category": "wifi", "tags": ["kind:check", "domain:wifi"], "params": {"expected_ssid": {"name": "expected_ssid", "type": "str", "required": false, "default": null, "description": "预期已连接的SSID"}}, "pre_conditions": [{"id": "step_configure_ap_channel", "type": "step", "reason": "需先完成测试步骤"}], "post_conditions": []}]
A62: Wifi_Func_058 | B62: Connect AP | C62: bandwidth 40M & channel 64 | E62: Connect an AP with bandwidth 40M & channel 64 | F62: Platform connect the AP successful | G62: P1 | H62: N/A | J62: weidong.feng | K62: Yes | L62: Yes | M62: Yes | O62: Summary（概要） 在Connect AP场景下执行「bandwidth 40M & channel 64」，验证：Platform connect the AP successful Preconditions（前置条件/环境准备） 1. 平台已正常启动并进入系统 2. WiFi 模块已初始化 Steps（操作步骤） Step 1：Connect an AP with bandwidth 40M & channel 64 目的：完成「bandwidth 40M & channel 64」测试操作 对应函数：step_configure_ap_channel(...) Checks（检查点） Check 1：Platform connect the AP successful 检查内容：Platform connect the AP successful 对应函数：check_wifi_connected(...) | P62: [{"kind": "step", "function_name": "step_configure_ap_channel", "description": "bandwidth 40M & channel 64：Connect an AP with bandwidth 40M & channel 64", "category": "wifi", "tags": ["kind:step", "domain:wifi"], "params": {"channel": {"name": "channel", "type": "int", "required": true, "default": null, "description": "WiFi信道号"}, "bandwidth": {"name": "bandwidth", "type": "str", "required": true, "default": null, "description": "信道带宽：20M/40M/80M/160M/mix"}}, "pre_conditions": [], "post_conditions": []}, {"kind": "check", "function_name": "check_wifi_connected", "description": "验证bandwidth 40M & channel 64：Platform connect the AP successful", "category": "wifi", "tags": ["kind:check", "domain:wifi"], "params": {"expected_ssid": {"name": "expected_ssid", "type": "str", "required": false, "default": null, "description": "预期已连接的SSID"}}, "pre_conditions": [{"id": "step_configure_ap_channel", "type": "step", "reason": "需先完成测试步骤"}], "post_conditions": []}]
A63: Wifi_Func_059 | B63: Connect AP | C63: bandwidth 80M & channel 149 | E63: Connect an AP with bandwidth 80M & channel 149 | F63: Platform connect the AP successful | G63: P1 | H63: N/A | J63: weidong.feng | M63: Yes | O63: Summary（概要） 在Connect AP场景下执行「bandwidth 80M & channel 149」，验证：Platform connect the AP successful Preconditions（前置条件/环境准备） 1. 平台已正常启动并进入系统 2. WiFi 模块已初始化 Steps（操作步骤） Step 1：Connect an AP with bandwidth 80M & channel 149 目的：完成「bandwidth 80M & channel 149」测试操作 对应函数：step_configure_ap_channel(...) Checks（检查点） Check 1：Platform connect the AP successful 检查内容：Platform connect the AP successful 对应函数：check_wifi_connected(...) | P63: [{"kind": "step", "function_name": "step_configure_ap_channel", "description": "bandwidth 80M & channel 149：Connect an AP with bandwidth 80M & channel 149", "category": "wifi", "tags": ["kind:step", "domain:wifi"], "params": {"channel": {"name": "channel", "type": "int", "required": true, "default": null, "description": "WiFi信道号"}, "bandwidth": {"name": "bandwidth", "type": "str", "required": true, "default": null, "description": "信道带宽：20M/40M/80M/160M/mix"}}, "pre_conditions": [], "post_conditions": []}, {"kind": "check", "function_name": "check_wifi_connected", "description": "验证bandwidth 80M & channel 149：Platform connect the AP successful", "category": "wifi", "tags": ["kind:check", "domain:wifi"], "params": {"expected_ssid": {"name": "expected_ssid", "type": "str", "required": false, "default": null, "description": "预期已连接的SSID"}}, "pre_conditions": [{"id": "step_configure_ap_channel", "type": "step", "reason": "需先完成测试步骤"}], "post_conditions": []}]
A64: Wifi_Func_060 | B64: Connect AP | C64: bandwidth 80M & channel 153 | E64: Connect an AP with bandwidth 80M & channel 153 | F64: Platform connect the AP successful | G64: P1 | H64: N/A | J64: weidong.feng | M64: Yes | O64: Summary（概要） 在Connect AP场景下执行「bandwidth 80M & channel 153」，验证：Platform connect the AP successful Preconditions（前置条件/环境准备） 1. 平台已正常启动并进入系统 2. WiFi 模块已初始化 Steps（操作步骤） Step 1：Connect an AP with bandwidth 80M & channel 153 目的：完成「bandwidth 80M & channel 153」测试操作 对应函数：step_configure_ap_channel(...) Checks（检查点） Check 1：Platform connect the AP successful 检查内容：Platform connect the AP successful 对应函数：check_wifi_connected(...) | P64: [{"kind": "step", "function_name": "step_configure_ap_channel", "description": "bandwidth 80M & channel 153：Connect an AP with bandwidth 80M & channel 153", "category": "wifi", "tags": ["kind:step", "domain:wifi"], "params": {"channel": {"name": "channel", "type": "int", "required": true, "default": null, "description": "WiFi信道号"}, "bandwidth": {"name": "bandwidth", "type": "str", "required": true, "default": null, "description": "信道带宽：20M/40M/80M/160M/mix"}}, "pre_conditions": [], "post_conditions": []}, {"kind": "check", "function_name": "check_wifi_connected", "description": "验证bandwidth 80M & channel 153：Platform connect the AP successful", "category": "wifi", "tags": ["kind:check", "domain:wifi"], "params": {"expected_ssid": {"name": "expected_ssid", "type": "str", "required": false, "default": null, "description": "预期已连接的SSID"}}, "pre_conditions": [{"id": "step_configure_ap_channel", "type": "step", "reason": "需先完成测试步骤"}], "post_conditions": []}]
A65: Wifi_Func_061 | B65: Connect AP | C65: bandwidth Mix & channel 157 | E65: Connect an AP with bandwidth Mix & channel 157 | F65: Platform connect the AP successful | G65: P1 | H65: N/A | J65: weidong.feng | M65: Yes | O65: Summary（概要） 在Connect AP场景下执行「bandwidth Mix & channel 157」，验证：Platform connect the AP successful Preconditions（前置条件/环境准备） 1. 平台已正常启动并进入系统 2. WiFi 模块已初始化 Steps（操作步骤） Step 1：Connect an AP with bandwidth Mix & channel 157 目的：完成「bandwidth Mix & channel 157」测试操作 对应函数：step_configure_ap_channel(...) Checks（检查点） Check 1：Platform connect the AP successful 检查内容：Platform connect the AP successful 对应函数：check_wifi_connected(...) | P65: [{"kind": "step", "function_name": "step_configure_ap_channel", "description": "bandwidth Mix & channel 157：Connect an AP with bandwidth Mix & channel 157", "category": "wifi", "tags": ["kind:step", "domain:wifi"], "params": {"channel": {"name": "channel", "type": "int", "required": true, "default": null, "description": "WiFi信道号"}, "bandwidth": {"name": "bandwidth", "type": "str", "required": true, "default": null, "description": "信道带宽：20M/40M/80M/160M/mix"}}, "pre_conditions": [], "post_conditions": []}, {"kind": "check", "function_name": "check_wifi_connected", "description": "验证bandwidth Mix & channel 157：Platform connect the AP successful", "category": "wifi", "tags": ["kind:check", "domain:wifi"], "params": {"expected_ssid": {"name": "expected_ssid", "type": "str", "required": false, "default": null, "description": "预期已连接的SSID"}}, "pre_conditions": [{"id": "step_configure_ap_channel", "type": "step", "reason": "需先完成测试步骤"}], "post_conditions": []}]
A66: Wifi_Func_062 | B66: Connect AP | C66: bandwidth mix & channel 161 | E66: Connect an AP with bandwidth mix & channel 161 | F66: Platform connect the AP successful | G66: P1 | H66: N/A | J66: weidong.feng | K66: Yes | L66: Yes | M66: Yes | O66: Summary（概要） 在Connect AP场景下执行「bandwidth mix & channel 161」，验证：Platform connect the AP successful Preconditions（前置条件/环境准备） 1. 平台已正常启动并进入系统 2. WiFi 模块已初始化 Steps（操作步骤） Step 1：Connect an AP with bandwidth mix & channel 161 目的：完成「bandwidth mix & channel 161」测试操作 对应函数：step_configure_ap_channel(...) Checks（检查点） Check 1：Platform connect the AP successful 检查内容：Platform connect the AP successful 对应函数：check_wifi_connected(...) | P66: [{"kind": "step", "function_name": "step_configure_ap_channel", "description": "bandwidth mix & channel 161：Connect an AP with bandwidth mix & channel 161", "category": "wifi", "tags": ["kind:step", "domain:wifi"], "params": {"channel": {"name": "channel", "type": "int", "required": true, "default": null, "description": "WiFi信道号"}, "bandwidth": {"name": "bandwidth", "type": "str", "required": true, "default": null, "description": "信道带宽：20M/40M/80M/160M/mix"}}, "pre_conditions": [], "post_conditions": []}, {"kind": "check", "function_name": "check_wifi_connected", "description": "验证bandwidth mix & channel 161：Platform connect the AP successful", "category": "wifi", "tags": ["kind:check", "domain:wifi"], "params": {"expected_ssid": {"name": "expected_ssid", "type": "str", "required": false, "default": null, "description": "预期已连接的SSID"}}, "pre_conditions": [{"id": "step_configure_ap_channel", "type": "step", "reason": "需先完成测试步骤"}], "post_conditions": []}]
A67: Wifi_Func_063 | B67: Connect AP | C67: bandwidth mix & channel 165 | E67: Connect an AP with bandwidth 20M & channel 165 | F67: Platform connect the AP successful | G67: P1 | H67: N/A | J67: weidong.feng | M67: Yes | O67: Summary（概要） 在Connect AP场景下执行「bandwidth mix & channel 165」，验证：Platform connect the AP successful Preconditions（前置条件/环境准备） 1. 平台已正常启动并进入系统 2. WiFi 模块已初始化 Steps（操作步骤） Step 1：Connect an AP with bandwidth 20M & channel 165 目的：完成「bandwidth mix & channel 165」测试操作 对应函数：step_configure_ap_channel(...) Checks（检查点） Check 1：Platform connect the AP successful 检查内容：Platform connect the AP successful 对应函数：check_wifi_connected(...) | P67: [{"kind": "step", "function_name": "step_configure_ap_channel", "description": "bandwidth mix & channel 165：Connect an AP with bandwidth 20M & channel 165", "category": "wifi", "tags": ["kind:step", "domain:wifi"], "params": {"channel": {"name": "channel", "type": "int", "required": true, "default": null, "description": "WiFi信道号"}, "bandwidth": {"name": "bandwidth", "type": "str", "required": true, "default": null, "description": "信道带宽：20M/40M/80M/160M/mix"}}, "pre_conditions": [], "post_conditions": []}, {"kind": "check", "function_name": "check_wifi_connected", "description": "验证bandwidth mix & channel 165：Platform connect the AP successful", "category": "wifi", "tags": ["kind:check", "domain:wifi"], "params": {"expected_ssid": {"name": "expected_ssid", "type": "str", "required": false, "default": null, "description": "预期已连接的SSID"}}, "pre_conditions": [{"id": "step_configure_ap_channel", "type": "step", "reason": "需先完成测试步骤"}], "post_conditions": []}]
A68: Wifi_Func_064 | B68: Connect AP | C68: dual-band wifi | E68: Connect an 2.4G&5G mixed AP | F68: Platform connect the mixed AP successful | G68: P1 | H68: N/A | J68: weidong.feng | M68: Yes | O68: Summary（概要） 在Connect AP场景下执行「dual-band wifi」，验证：Platform connect the mixed AP successful Preconditions（前置条件/环境准备） 1. 平台已正常启动并进入系统 2. WiFi 模块已初始化 Steps（操作步骤） Step 1：Connect an 2.4G&5G mixed AP 目的：完成「dual-band wifi」测试操作 对应函数：step_connect_wifi(...) Checks（检查点） Check 1：Platform connect the mixed AP successful 检查内容：Platform connect the mixed AP successful 对应函数：check_wifi_connected(...) | P68: [{"kind": "step", "function_name": "step_connect_wifi", "description": "dual-band wifi：Connect an 2.4G&5G mixed AP", "category": "wifi", "tags": ["kind:step", "domain:wifi"], "params": {"ssid": {"name": "ssid", "type": "str", "required": true, "default": null, "description": "目标AP的SSID"}, "password": {"name": "password", "type": "str", "required": false, "default": null, "description": "WiFi密码，开放网络可为空"}, "auth_type": {"name": "auth_type", "type": "str", "required": false, "default": null, "description": "认证类型如 WPA2/WPA3/Open/WEP"}}, "pre_conditions": [], "post_conditions": []}, {"kind": "check", "function_name": "check_wifi_connected", "description": "验证dual-band wifi：Platform connect the mixed AP successful", "category": "wifi", "tags": ["kind:check", "domain:wifi"], "params": {"expected_ssid": {"name": "expected_ssid", "type": "str", "required": false, "default": null, "description": "预期已连接的SSID"}}, "pre_conditions": [{"id": "step_connect_wifi", "type": "step", "reason": "需先完成测试步骤"}], "post_conditions": []}]
A69: Wifi_Func_065 | B69: Connect AP | C69: DUT connect with different signal: AP | E69: DUT connect with AP which signal is -15 dBm | F69: Platform connect the AP successful | G69: P1 | H69: N/A | J69: weidong.feng | M69: Todo | N69: 如何自动化控制 signal dB 设备 | O69: Summary（概要） 在Connect AP场景下执行「DUT connect with different signal: AP」，验证：Platform connect the AP successful Preconditions（前置条件/环境准备） 1. 平台已正常启动并进入系统 2. WiFi 模块已初始化 Steps（操作步骤） Step 1：DUT connect with AP which signal is -15 dBm 目的：完成「DUT connect with different signal: AP」测试操作 对应函数：step_connect_wifi(...) Checks（检查点） Check 1：Platform connect the AP successful 检查内容：Platform connect the AP successful 对应函数：check_wifi_connected(...) | P69: [{"kind": "step", "function_name": "step_connect_wifi", "description": "DUT connect with different signal: AP：DUT connect with AP which signal is -15 dBm", "category": "wifi", "tags": ["kind:step", "domain:wifi"], "params": {"ssid": {"name": "ssid", "type": "str", "required": true, "default": null, "description": "目标AP的SSID"}, "password": {"name": "password", "type": "str", "required": false, "default": null, "description": "WiFi密码，开放网络可为空"}, "auth_type": {"name": "auth_type", "type": "str", "required": false, "default": null, "description": "认证类型如 WPA2/WPA3/Open/WEP"}}, "pre_conditions": [], "post_conditions": []}, {"kind": "check", "function_name": "check_wifi_connected", "description": "验证DUT connect with different signal: AP：Platform connect the AP successful", "category": "wifi", "tags": ["kind:check", "domain:wifi"], "params": {"expected_ssid": {"name": "expected_ssid", "type": "str", "required": false, "default": null, "description": "预期已连接的SSID"}}, "pre_conditions": [{"id": "step_connect_wifi", "type": "step", "reason": "需先完成测试步骤"}], "post_conditions": []}]
A70: Wifi_Func_066 | B70: Connect AP | C70: DUT connect with different signal: AP | E70: DUT connect with AP which signal is -40 dBm | F70: Platform connect the AP successful | G70: P1 | H70: N/A | J70: weidong.feng | M70: Todo | N70: 如何自动化控制 signal dB 设备 | O70: Summary（概要） 在Connect AP场景下执行「DUT connect with different signal: AP」，验证：Platform connect the AP successful Preconditions（前置条件/环境准备） 1. 平台已正常启动并进入系统 2. WiFi 模块已初始化 Steps（操作步骤） Step 1：DUT connect with AP which signal is -40 dBm 目的：完成「DUT connect with different signal: AP」测试操作 对应函数：step_connect_wifi(...) Checks（检查点） Check 1：Platform connect the AP successful 检查内容：Platform connect the AP successful 对应函数：check_wifi_connected(...) | P70: [{"kind": "step", "function_name": "step_connect_wifi", "description": "DUT connect with different signal: AP：DUT connect with AP which signal is -40 dBm", "category": "wifi", "tags": ["kind:step", "domain:wifi"], "params": {"ssid": {"name": "ssid", "type": "str", "required": true, "default": null, "description": "目标AP的SSID"}, "password": {"name": "password", "type": "str", "required": false, "default": null, "description": "WiFi密码，开放网络可为空"}, "auth_type": {"name": "auth_type", "type": "str", "required": false, "default": null, "description": "认证类型如 WPA2/WPA3/Open/WEP"}}, "pre_conditions": [], "post_conditions": []}, {"kind": "check", "function_name": "check_wifi_connected", "description": "验证DUT connect with different signal: AP：Platform connect the AP successful", "category": "wifi", "tags": ["kind:check", "domain:wifi"], "params": {"expected_ssid": {"name": "expected_ssid", "type": "str", "required": false, "default": null, "description": "预期已连接的SSID"}}, "pre_conditions": [{"id": "step_connect_wifi", "type": "step", "reason": "需先完成测试步骤"}], "post_conditions": []}]
A71: Wifi_Func_067 | B71: Connect AP | C71: DUT connect with different signal: AP | E71: DUT connect with AP which signal is -65 dBm | F71: Platform connect the AP successful | G71: P1 | H71: N/A | J71: weidong.feng | M71: Todo | N71: 如何自动化控制 signal dB 设备 | O71: Summary（概要） 在Connect AP场景下执行「DUT connect with different signal: AP」，验证：Platform connect the AP successful Preconditions（前置条件/环境准备） 1. 平台已正常启动并进入系统 2. WiFi 模块已初始化 Steps（操作步骤） Step 1：DUT connect with AP which signal is -65 dBm 目的：完成「DUT connect with different signal: AP」测试操作 对应函数：step_connect_wifi(...) Checks（检查点） Check 1：Platform connect the AP successful 检查内容：Platform connect the AP successful 对应函数：check_wifi_connected(...) | P71: [{"kind": "step", "function_name": "step_connect_wifi", "description": "DUT connect with different signal: AP：DUT connect with AP which signal is -65 dBm", "category": "wifi", "tags": ["kind:step", "domain:wifi"], "params": {"ssid": {"name": "ssid", "type": "str", "required": true, "default": null, "description": "目标AP的SSID"}, "password": {"name": "password", "type": "str", "required": false, "default": null, "description": "WiFi密码，开放网络可为空"}, "auth_type": {"name": "auth_type", "type": "str", "required": false, "default": null, "description": "认证类型如 WPA2/WPA3/Open/WEP"}}, "pre_conditions": [], "post_conditions": []}, {"kind": "check", "function_name": "check_wifi_connected", "description": "验证DUT connect with different signal: AP：Platform connect the AP successful", "category": "wifi", "tags": ["kind:check", "domain:wifi"], "params": {"expected_ssid": {"name": "expected_ssid", "type": "str", "required": false, "default": null, "description": "预期已连接的SSID"}}, "pre_conditions": [{"id": "step_connect_wifi", "type": "step", "reason": "需先完成测试步骤"}], "post_conditions": []}]
A72: Wifi_Func_068 | B72: Connect AP | C72: Connect AP with different authentication method | D72: Router: AUSU RT-AX86u | E72: Connect an AP which authentication method is web & 64bit | F72: Platform connect the AP successful | G72: P1 | H72: N/A | J72: weidong.feng | K72: Yes | L72: Yes | M72: Yes | O72: Summary（概要） 在Connect AP场景下执行「Connect AP with different authentication method」，验证：Platform connect the AP successful Preconditions（前置条件/环境准备） 1. 平台已正常启动并进入系统 2. WiFi 模块已初始化 3. Router: AUSU RT-AX86u Steps（操作步骤） Step 1：Connect an AP which authentication method is web & 64bit 目的：完成「Connect AP with different authentication method」测试操作 对应函数：step_connect_wifi(...) Checks（检查点） Check 1：Platform connect the AP successful 检查内容：Platform connect the AP successful 对应函数：check_wifi_connected(...) | P72: [{"kind": "step", "function_name": "step_connect_wifi", "description": "Connect AP with different authentication method：Connect an AP which authentication method is web & 64bit", "category": "wifi", "tags": ["kind:step", "domain:wifi"], "params": {"ssid": {"name": "ssid", "type": "str", "required": true, "default": null, "description": "目标AP的SSID"}, "password": {"name": "password", "type": "str", "required": false, "default": null, "description": "WiFi密码，开放网络可为空"}, "auth_type": {"name": "auth_type", "type": "str", "required": false, "default": null, "description": "认证类型如 WPA2/WPA3/Open/WEP"}}, "pre_conditions": [], "post_conditions": []}, {"kind": "check", "function_name": "check_wifi_connected", "description": "验证Connect AP with different authentication method：Platform connect the AP successful", "category": "wifi", "tags": ["kind:check", "domain:wifi"], "params": {"expected_ssid": {"name": "expected_ssid", "type": "str", "required": false, "default": null, "description": "预期已连接的SSID"}}, "pre_conditions": [{"id": "step_connect_wifi", "type": "step", "reason": "需先完成测试步骤"}], "post_conditions": []}]
A73: Wifi_Func_069 | B73: Connect AP | C73: Connect AP with different authentication method | D73: Router: AUSU RT-AX86u | E73: Connect an AP which authentication method is web & 128bit | F73: Platform connect the AP successful | G73: P1 | H73: N/A | J73: weidong.feng | M73: Yes | O73: Summary（概要） 在Connect AP场景下执行「Connect AP with different authentication method」，验证：Platform connect the AP successful Preconditions（前置条件/环境准备） 1. 平台已正常启动并进入系统 2. WiFi 模块已初始化 3. Router: AUSU RT-AX86u Steps（操作步骤） Step 1：Connect an AP which authentication method is web & 128bit 目的：完成「Connect AP with different authentication method」测试操作 对应函数：step_connect_wifi(...) Checks（检查点） Check 1：Platform connect the AP successful 检查内容：Platform connect the AP successful 对应函数：check_wifi_connected(...) | P73: [{"kind": "step", "function_name": "step_connect_wifi", "description": "Connect AP with different authentication method：Connect an AP which authentication method is web & 128bit", "category": "wifi", "tags": ["kind:step", "domain:wifi"], "params": {"ssid": {"name": "ssid", "type": "str", "required": true, "default": null, "description": "目标AP的SSID"}, "password": {"name": "password", "type": "str", "required": false, "default": null, "description": "WiFi密码，开放网络可为空"}, "auth_type": {"name": "auth_type", "type": "str", "required": false, "default": null, "description": "认证类型如 WPA2/WPA3/Open/WEP"}}, "pre_conditions": [], "post_conditions": []}, {"kind": "check", "function_name": "check_wifi_connected", "description": "验证Connect AP with different authentication method：Platform connect the AP successful", "category": "wifi", "tags": ["kind:check", "domain:wifi"], "params": {"expected_ssid": {"name": "expected_ssid", "type": "str", "required": false, "default": null, "description": "预期已连接的SSID"}}, "pre_conditions": [{"id": "step_connect_wifi", "type": "step", "reason": "需先完成测试步骤"}], "post_conditions": []}]
A74: Wifi_Func_070 | B74: Connect AP | C74: Connect AP with different authentication method | D74: Router: AUSU RT-AX86u | E74: Connect an AP which authentication method is WPA2 &AES | F74: Platform connect the AP successful | G74: P1 | H74: N/A | J74: weidong.feng | K74: Yes | L74: Yes | M74: Yes | O74: Summary（概要） 在Connect AP场景下执行「Connect AP with different authentication method」，验证：Platform connect the AP successful Preconditions（前置条件/环境准备） 1. 平台已正常启动并进入系统 2. WiFi 模块已初始化 3. Router: AUSU RT-AX86u Steps（操作步骤） Step 1：Connect an AP which authentication method is WPA2 &AES 目的：完成「Connect AP with different authentication method」测试操作 对应函数：step_connect_wifi(...) Checks（检查点） Check 1：Platform connect the AP successful 检查内容：Platform connect the AP successful 对应函数：check_wifi_connected(...) | P74: [{"kind": "step", "function_name": "step_connect_wifi", "description": "Connect AP with different authentication method：Connect an AP which authentication method is WPA2 &AES", "category": "wifi", "tags": ["kind:step", "domain:wifi"], "params": {"ssid": {"name": "ssid", "type": "str", "required": true, "default": null, "description": "目标AP的SSID"}, "password": {"name": "password", "type": "str", "required": false, "default": null, "description": "WiFi密码，开放网络可为空"}, "auth_type": {"name": "auth_type", "type": "str", "required": false, "default": null, "description": "认证类型如 WPA2/WPA3/Open/WEP"}}, "pre_conditions": [], "post_conditions": []}, {"kind": "check", "function_name": "check_wifi_connected", "description": "验证Connect AP with different authentication method：Platform connect the AP successful", "category": "wifi", "tags": ["kind:check", "domain:wifi"], "params": {"expected_ssid": {"name": "expected_ssid", "type": "str", "required": false, "default": null, "description": "预期已连接的SSID"}}, "pre_conditions": [{"id": "step_connect_wifi", "type": "step", "reason": "需先完成测试步骤"}], "post_conditions": []}]
A75: Wifi_Func_071 | B75: Connect AP | C75: Connect AP with different authentication method | D75: Router: AUSU RT-AX86u | E75: Connect an AP which authentication method is WPA3 &AES | F75: Platform connect the AP successful | G75: P1 | H75: N/A | J75: weidong.feng | K75: Yes | L75: Yes | M75: Yes | O75: Summary（概要） 在Connect AP场景下执行「Connect AP with different authentication method」，验证：Platform connect the AP successful Preconditions（前置条件/环境准备） 1. 平台已正常启动并进入系统 2. WiFi 模块已初始化 3. Router: AUSU RT-AX86u Steps（操作步骤） Step 1：Connect an AP which authentication method is WPA3 &AES 目的：完成「Connect AP with different authentication method」测试操作 对应函数：step_connect_wifi(...) Checks（检查点） Check 1：Platform connect the AP successful 检查内容：Platform connect the AP successful 对应函数：check_wifi_connected(...) | P75: [{"kind": "step", "function_name": "step_connect_wifi", "description": "Connect AP with different authentication method：Connect an AP which authentication method is WPA3 &AES", "category": "wifi", "tags": ["kind:step", "domain:wifi"], "params": {"ssid": {"name": "ssid", "type": "str", "required": true, "default": null, "description": "目标AP的SSID"}, "password": {"name": "password", "type": "str", "required": false, "default": null, "description": "WiFi密码，开放网络可为空"}, "auth_type": {"name": "auth_type", "type": "str", "required": false, "default": null, "description": "认证类型如 WPA2/WPA3/Open/WEP"}}, "pre_conditions": [], "post_conditions": []}, {"kind": "check", "function_name": "check_wifi_connected", "description": "验证Connect AP with different authentication method：Platform connect the AP successful", "category": "wifi", "tags": ["kind:check", "domain:wifi"], "params": {"expected_ssid": {"name": "expected_ssid", "type": "str", "required": false, "default": null, "description": "预期已连接的SSID"}}, "pre_conditions": [{"id": "step_connect_wifi", "type": "step", "reason": "需先完成测试步骤"}], "post_conditions": []}]
A76: Wifi_Func_072 | B76: Connect AP | C76: Connect AP with different authentication method | D76: Router: AUSU RT-AX86u | E76: Connect an AP which authentication method is Auto or mix &AES | F76: Platform connect the AP successful | G76: P1 | H76: N/A | J76: weidong.feng | M76: Yes | O76: Summary（概要） 在Connect AP场景下执行「Connect AP with different authentication method」，验证：Platform connect the AP successful Preconditions（前置条件/环境准备） 1. 平台已正常启动并进入系统 2. WiFi 模块已初始化 3. Router: AUSU RT-AX86u Steps（操作步骤） Step 1：Connect an AP which authentication method is Auto or mix &AES 目的：完成「Connect AP with different authentication method」测试操作 对应函数：step_connect_wifi(...) Checks（检查点） Check 1：Platform connect the AP successful 检查内容：Platform connect the AP successful 对应函数：check_wifi_connected(...) | P76: [{"kind": "step", "function_name": "step_connect_wifi", "description": "Connect AP with different authentication method：Connect an AP which authentication method is Auto or mix &AE", "category": "wifi", "tags": ["kind:step", "domain:wifi"], "params": {"ssid": {"name": "ssid", "type": "str", "required": true, "default": null, "description": "目标AP的SSID"}, "password": {"name": "password", "type": "str", "required": false, "default": null, "description": "WiFi密码，开放网络可为空"}, "auth_type": {"name": "auth_type", "type": "str", "required": false, "default": null, "description": "认证类型如 WPA2/WPA3/Open/WEP"}}, "pre_conditions": [], "post_conditions": []}, {"kind": "check", "function_name": "check_wifi_connected", "description": "验证Connect AP with different authentication method：Platform connect the AP successful", "category": "wifi", "tags": ["kind:check", "domain:wifi"], "params": {"expected_ssid": {"name": "expected_ssid", "type": "str", "required": false, "default": null, "description": "预期已连接的SSID"}}, "pre_conditions": [{"id": "step_connect_wifi", "type": "step", "reason": "需先完成测试步骤"}], "post_conditions": []}]
A77: Wifi_Func_073 | B77: Connect AP | C77: Connect AP with different authentication method | D77: Router: AUSU RT-AX86u | E77: Connect an AP which authentication method is Auto or mix &TKIP+AES | F77: Platform connect the AP successful | G77: P1 | H77: N/A | J77: weidong.feng | M77: Yes | O77: Summary（概要） 在Connect AP场景下执行「Connect AP with different authentication method」，验证：Platform connect the AP successful Preconditions（前置条件/环境准备） 1. 平台已正常启动并进入系统 2. WiFi 模块已初始化 3. Router: AUSU RT-AX86u Steps（操作步骤） Step 1：Connect an AP which authentication method is Auto or mix &TKIP+AES 目的：完成「Connect AP with different authentication method」测试操作 对应函数：step_connect_wifi(...) Checks（检查点） Check 1：Platform connect the AP successful 检查内容：Platform connect the AP successful 对应函数：check_wifi_connected(...) | P77: [{"kind": "step", "function_name": "step_connect_wifi", "description": "Connect AP with different authentication method：Connect an AP which authentication method is Auto or mix &TK", "category": "wifi", "tags": ["kind:step", "domain:wifi"], "params": {"ssid": {"name": "ssid", "type": "str", "required": true, "default": null, "description": "目标AP的SSID"}, "password": {"name": "password", "type": "str", "required": false, "default": null, "description": "WiFi密码，开放网络可为空"}, "auth_type": {"name": "auth_type", "type": "str", "required": false, "default": null, "description": "认证类型如 WPA2/WPA3/Open/WEP"}}, "pre_conditions": [], "post_conditions": []}, {"kind": "check", "function_name": "check_wifi_connected", "description": "验证Connect AP with different authentication method：Platform connect the AP successful", "category": "wifi", "tags": ["kind:check", "domain:wifi"], "params": {"expected_ssid": {"name": "expected_ssid", "type": "str", "required": false, "default": null, "description": "预期已连接的SSID"}}, "pre_conditions": [{"id": "step_connect_wifi", "type": "step", "reason": "需先完成测试步骤"}], "post_conditions": []}]
A78: Wifi_Func_074 | B78: Connect AP | C78: Connect AP with different authentication method | E78: Connect an AP which authentication method is Enterprise at settings | F78: At settings,DUT input account and password，Enterprise connect success （At shenzhen office，Apollo is Enterprise AP） | G78: P1 | H78: N/A | J78: weidong.feng | M78: Yes | O78: Summary（概要） 在Connect AP场景下执行「Connect AP with different authentication method」，验证：At settings,DUT input account and password，Enterpr Preconditions（前置条件/环境准备） 1. 平台已正常启动并进入系统 2. WiFi 模块已初始化 Steps（操作步骤） Step 1：Connect an AP which authentication method is Enterprise at settings 目的：完成「Connect AP with different authentication method」测试操作 对应函数：step_connect_wifi(...) Checks（检查点） Check 1：At settings,DUT input account and password，Enterprise connect success （At shenzh 检查内容：At settings,DUT input account and password，Enterprise connect success （At shenzhen office，Apollo is Enterprise AP） 对应函数：check_wifi_connected(...) | P78: [{"kind": "step", "function_name": "step_connect_wifi", "description": "Connect AP with different authentication method：Connect an AP which authentication method is Enterprise at s", "category": "wifi", "tags": ["kind:step", "domain:wifi"], "params": {"ssid": {"name": "ssid", "type": "str", "required": true, "default": null, "description": "目标AP的SSID"}, "password": {"name": "password", "type": "str", "required": false, "default": null, "description": "WiFi密码，开放网络可为空"}, "auth_type": {"name": "auth_type", "type": "str", "required": false, "default": null, "description": "认证类型如 WPA2/WPA3/Open/WEP"}}, "pre_conditions": [], "post_conditions": []}, {"kind": "check", "function_name": "check_wifi_connected", "description": "验证Connect AP with different authentication method：At settings,DUT input account and password，Enterprise connec", "category": "wifi", "tags": ["kind:check", "domain:wifi"], "params": {"expected_ssid": {"name": "expected_ssid", "type": "str", "required": false, "default": null, "description": "预期已连接的SSID"}}, "pre_conditions": [{"id": "step_connect_wifi", "type": "step", "reason": "需先完成测试步骤"}], "post_conditions": []}]
A79: Wifi_Func_075 | B79: Connect AP | C79: Connect AP with different authentication method | E79: Connect an AP which authentication method is Enterprise at boot wizard | F79: At boot wizard,DUT input account and password，Enterprise connect success （At shenzhen office，Apollo is Enterprise AP） | G79: P1 | H79: N/A | J79: weidong.feng | M79: Yes | O79: Summary（概要） 在Connect AP场景下执行「Connect AP with different authentication method」，验证：At boot wizard,DUT input account and password，Ente Preconditions（前置条件/环境准备） 1. 平台已正常启动并进入系统 2. WiFi 模块已初始化 Steps（操作步骤） Step 1：Connect an AP which authentication method is Enterprise at boot wizard 目的：完成「Connect AP with different authentication method」测试操作 对应函数：step_connect_wifi(...) Checks（检查点） Check 1：At boot wizard,DUT input account and password，Enterprise connect success （At she 检查内容：At boot wizard,DUT input account and password，Enterprise connect success （At shenzhen office，Apollo is Enterprise AP） 对应函数：check_wifi_connected(...) | P79: [{"kind": "step", "function_name": "step_connect_wifi", "description": "Connect AP with different authentication method：Connect an AP which authentication method is Enterprise at b", "category": "wifi", "tags": ["kind:step", "domain:wifi"], "params": {"ssid": {"name": "ssid", "type": "str", "required": true, "default": null, "description": "目标AP的SSID"}, "password": {"name": "password", "type": "str", "required": false, "default": null, "description": "WiFi密码，开放网络可为空"}, "auth_type": {"name": "auth_type", "type": "str", "required": false, "default": null, "description": "认证类型如 WPA2/WPA3/Open/WEP"}}, "pre_conditions": [], "post_conditions": []}, {"kind": "check", "function_name": "check_wifi_connected", "description": "验证Connect AP with different authentication method：At boot wizard,DUT input account and password，Enterprise con", "category": "wifi", "tags": ["kind:check", "domain:wifi"], "params": {"expected_ssid": {"name": "expected_ssid", "type": "str", "required": false, "default": null, "description": "预期已连接的SSID"}}, "pre_conditions": [{"id": "step_connect_wifi", "type": "step", "reason": "需先完成测试步骤"}], "post_conditions": []}]
A80: Wifi_Func_076 | B80: Connect AP | C80: Connect AP with WPS method | E80: 1.Press the WPS button on the router 2.Press the WPS button on the platform | F80: Platform connect the AP successful | G80: P1 | H80: N/A | J80: weidong.feng | M80: Yes | O80: Summary（概要） 在Connect AP场景下执行「Connect AP with WPS method」，验证：Platform connect the AP successful Preconditions（前置条件/环境准备） 1. 平台已正常启动并进入系统 2. WiFi 模块已初始化 Steps（操作步骤） Step 1：Press the WPS button on the router 目的：完成「Connect AP with WPS method」测试操作 对应函数：step_connect_wifi_wps(...) Step 2：Press the WPS button on the platform 目的：完成「Connect AP with WPS method」测试操作 对应函数：step_connect_wifi_wps(...) Checks（检查点） Check 1：Platform connect the AP successful 检查内容：Platform connect the AP successful 对应函数：check_wifi_connected(...) | P80: [{"kind": "step", "function_name": "step_connect_wifi_wps", "description": "Connect AP with WPS method：Press the WPS button on the router", "category": "wifi", "tags": ["kind:step", "domain:wifi"], "params": {"method": {"name": "method", "type": "str", "required": false, "default": "button", "description": "WPS方式：button/pin"}}, "pre_conditions": [], "post_conditions": []}, {"kind": "check", "function_name": "check_wifi_connected", "description": "验证Connect AP with WPS method：Platform connect the AP successful", "category": "wifi", "tags": ["kind:check", "domain:wifi"], "params": {"expected_ssid": {"name": "expected_ssid", "type": "str", "required": false, "default": null, "description": "预期已连接的SSID"}}, "pre_conditions": [{"id": "step_connect_wifi_wps", "type": "step", "reason": "需先完成测试步骤"}], "post_conditions": []}]
A81: Wifi_Func_077 | B81: Connecting time | C81: Time required to connect to the AP | E81: Connect the AP with the encryption method as open | F81: Platform connection needs 5~10 | G81: P1 | H81: N/A | J81: weidong.feng | M81: Yes | O81: Summary（概要） 在Connecting time场景下执行「Time required to connect to the AP」，验证：Platform connection needs 5~10 Preconditions（前置条件/环境准备） 1. 平台已正常启动并进入系统 2. WiFi 模块已初始化 Steps（操作步骤） Step 1：Connect the AP with the encryption method as open 目的：完成「Time required to connect to the AP」测试操作 对应函数：step_connect_wifi(...) Checks（检查点） Check 1：Platform connection needs 5~10 检查内容：Platform connection needs 5~10 对应函数：check_wifi_connection_time(...) | P81: [{"kind": "step", "function_name": "step_connect_wifi", "description": "Time required to connect to the AP：Connect the AP with the encryption method as open", "category": "wifi", "tags": ["kind:step", "domain:wifi"], "params": {"ssid": {"name": "ssid", "type": "str", "required": true, "default": null, "description": "目标AP的SSID"}, "password": {"name": "password", "type": "str", "required": false, "default": null, "description": "WiFi密码，开放网络可为空"}, "auth_type": {"name": "auth_type", "type": "str", "required": false, "default": null, "description": "认证类型如 WPA2/WPA3/Open/WEP"}}, "pre_conditions": [], "post_conditions": []}, {"kind": "check", "function_name": "check_wifi_connection_time", "description": "验证Time required to connect to the AP：Platform connection needs 5~10", "category": "wifi", "tags": ["kind:check", "domain:wifi"], "params": {"max_seconds": {"name": "max_seconds", "type": "int", "required": true, "default": 15, "description": "连接时间上限（秒）"}, "min_seconds": {"name": "min_seconds", "type": "int", "required": false, "default": 5, "description": "连接时间下限（秒）"}}, "pre_conditions": [{"id": "step_connect_wifi", "type": "step", "reason": "需先完成测试步骤"}], "post_conditions": []}]
A82: Wifi_Func_078 | B82: Connecting time | C82: Time required to connect to the AP | E82: Connect the AP with the encryption method as WEP | F82: Platform connection needs 10~15 | G82: P1 | H82: N/A | J82: weidong.feng | M82: Yes | O82: Summary（概要） 在Connecting time场景下执行「Time required to connect to the AP」，验证：Platform connection needs 10~15 Preconditions（前置条件/环境准备） 1. 平台已正常启动并进入系统 2. WiFi 模块已初始化 Steps（操作步骤） Step 1：Connect the AP with the encryption method as WEP 目的：完成「Time required to connect to the AP」测试操作 对应函数：step_connect_wifi(...) Checks（检查点） Check 1：Platform connection needs 10~15 检查内容：Platform connection needs 10~15 对应函数：check_wifi_connection_time(...) | P82: [{"kind": "step", "function_name": "step_connect_wifi", "description": "Time required to connect to the AP：Connect the AP with the encryption method as WEP", "category": "wifi", "tags": ["kind:step", "domain:wifi"], "params": {"ssid": {"name": "ssid", "type": "str", "required": true, "default": null, "description": "目标AP的SSID"}, "password": {"name": "password", "type": "str", "required": false, "default": null, "description": "WiFi密码，开放网络可为空"}, "auth_type": {"name": "auth_type", "type": "str", "required": false, "default": null, "description": "认证类型如 WPA2/WPA3/Open/WEP"}}, "pre_conditions": [], "post_conditions": []}, {"kind": "check", "function_name": "check_wifi_connection_time", "description": "验证Time required to connect to the AP：Platform connection needs 10~15", "category": "wifi", "tags": ["kind:check", "domain:wifi"], "params": {"max_seconds": {"name": "max_seconds", "type": "int", "required": true, "default": 15, "description": "连接时间上限（秒）"}, "min_seconds": {"name": "min_seconds", "type": "int", "required": false, "default": 5, "description": "连接时间下限（秒）"}}, "pre_conditions": [{"id": "step_connect_wifi", "type": "step", "reason": "需先完成测试步骤"}], "post_conditions": []}]
A83: Wifi_Func_079 | B83: Connecting time | C83: Time required to connect to the AP | E83: Connect the AP with the encryption method as WPA | F83: Platform connection needs 5~10 | G83: P1 | H83: N/A | J83: weidong.feng | M83: Yes | O83: Summary（概要） 在Connecting time场景下执行「Time required to connect to the AP」，验证：Platform connection needs 5~10 Preconditions（前置条件/环境准备） 1. 平台已正常启动并进入系统 2. WiFi 模块已初始化 Steps（操作步骤） Step 1：Connect the AP with the encryption method as WPA 目的：完成「Time required to connect to the AP」测试操作 对应函数：step_connect_wifi(...) Checks（检查点） Check 1：Platform connection needs 5~10 检查内容：Platform connection needs 5~10 对应函数：check_wifi_connection_time(...) | P83: [{"kind": "step", "function_name": "step_connect_wifi", "description": "Time required to connect to the AP：Connect the AP with the encryption method as WPA", "category": "wifi", "tags": ["kind:step", "domain:wifi"], "params": {"ssid": {"name": "ssid", "type": "str", "required": true, "default": null, "description": "目标AP的SSID"}, "password": {"name": "password", "type": "str", "required": false, "default": null, "description": "WiFi密码，开放网络可为空"}, "auth_type": {"name": "auth_type", "type": "str", "required": false, "default": null, "description": "认证类型如 WPA2/WPA3/Open/WEP"}}, "pre_conditions": [], "post_conditions": []}, {"kind": "check", "function_name": "check_wifi_connection_time", "description": "验证Time required to connect to the AP：Platform connection needs 5~10", "category": "wifi", "tags": ["kind:check", "domain:wifi"], "params": {"max_seconds": {"name": "max_seconds", "type": "int", "required": true, "default": 15, "description": "连接时间上限（秒）"}, "min_seconds": {"name": "min_seconds", "type": "int", "required": false, "default": 5, "description": "连接时间下限（秒）"}}, "pre_conditions": [{"id": "step_connect_wifi", "type": "step", "reason": "需先完成测试步骤"}], "post_conditions": []}]
A84: Wifi_Func_080 | B84: Connecting time | C84: Time required to connect to the AP | E84: Connect the AP with the encryption method as WPA2 | F84: Platform connection needs 5~10 | G84: P1 | H84: N/A | J84: weidong.feng | M84: Yes | O84: Summary（概要） 在Connecting time场景下执行「Time required to connect to the AP」，验证：Platform connection needs 5~10 Preconditions（前置条件/环境准备） 1. 平台已正常启动并进入系统 2. WiFi 模块已初始化 Steps（操作步骤） Step 1：Connect the AP with the encryption method as WPA2 目的：完成「Time required to connect to the AP」测试操作 对应函数：step_connect_wifi(...) Checks（检查点） Check 1：Platform connection needs 5~10 检查内容：Platform connection needs 5~10 对应函数：check_wifi_connection_time(...) | P84: [{"kind": "step", "function_name": "step_connect_wifi", "description": "Time required to connect to the AP：Connect the AP with the encryption method as WPA2", "category": "wifi", "tags": ["kind:step", "domain:wifi"], "params": {"ssid": {"name": "ssid", "type": "str", "required": true, "default": null, "description": "目标AP的SSID"}, "password": {"name": "password", "type": "str", "required": false, "default": null, "description": "WiFi密码，开放网络可为空"}, "auth_type": {"name": "auth_type", "type": "str", "required": false, "default": null, "description": "认证类型如 WPA2/WPA3/Open/WEP"}}, "pre_conditions": [], "post_conditions": []}, {"kind": "check", "function_name": "check_wifi_connection_time", "description": "验证Time required to connect to the AP：Platform connection needs 5~10", "category": "wifi", "tags": ["kind:check", "domain:wifi"], "params": {"max_seconds": {"name": "max_seconds", "type": "int", "required": true, "default": 15, "description": "连接时间上限（秒）"}, "min_seconds": {"name": "min_seconds", "type": "int", "required": false, "default": 5, "description": "连接时间下限（秒）"}}, "pre_conditions": [{"id": "step_connect_wifi", "type": "step", "reason": "需先完成测试步骤"}], "post_conditions": []}]
A85: Wifi_Func_081 | B85: Connecting time | C85: Time required to connect to the AP | E85: Connect the AP with the encryption method as WPA3 | F85: Platform connection needs 5~10 | G85: P1 | H85: N/A | J85: weidong.feng | M85: Yes | O85: Summary（概要） 在Connecting time场景下执行「Time required to connect to the AP」，验证：Platform connection needs 5~10 Preconditions（前置条件/环境准备） 1. 平台已正常启动并进入系统 2. WiFi 模块已初始化 Steps（操作步骤） Step 1：Connect the AP with the encryption method as WPA3 目的：完成「Time required to connect to the AP」测试操作 对应函数：step_connect_wifi(...) Checks（检查点） Check 1：Platform connection needs 5~10 检查内容：Platform connection needs 5~10 对应函数：check_wifi_connection_time(...) | P85: [{"kind": "step", "function_name": "step_connect_wifi", "description": "Time required to connect to the AP：Connect the AP with the encryption method as WPA3", "category": "wifi", "tags": ["kind:step", "domain:wifi"], "params": {"ssid": {"name": "ssid", "type": "str", "required": true, "default": null, "description": "目标AP的SSID"}, "password": {"name": "password", "type": "str", "required": false, "default": null, "description": "WiFi密码，开放网络可为空"}, "auth_type": {"name": "auth_type", "type": "str", "required": false, "default": null, "description": "认证类型如 WPA2/WPA3/Open/WEP"}}, "pre_conditions": [], "post_conditions": []}, {"kind": "check", "function_name": "check_wifi_connection_time", "description": "验证Time required to connect to the AP：Platform connection needs 5~10", "category": "wifi", "tags": ["kind:check", "domain:wifi"], "params": {"max_seconds": {"name": "max_seconds", "type": "int", "required": true, "default": 15, "description": "连接时间上限（秒）"}, "min_seconds": {"name": "min_seconds", "type": "int", "required": false, "default": 5, "description": "连接时间下限（秒）"}}, "pre_conditions": [{"id": "step_connect_wifi", "type": "step", "reason": "需先完成测试步骤"}], "post_conditions": []}]
A86: Wifi_Func_082 | B86: Connecting time | C86: Time required to connect to the AP | E86: Connect the AP with the encryption method as WPA/WPA2 mixed | F86: Platform connection needs 5~10 | G86: P1 | H86: N/A | J86: weidong.feng | M86: Yes | O86: Summary（概要） 在Connecting time场景下执行「Time required to connect to the AP」，验证：Platform connection needs 5~10 Preconditions（前置条件/环境准备） 1. 平台已正常启动并进入系统 2. WiFi 模块已初始化 Steps（操作步骤） Step 1：Connect the AP with the encryption method as WPA/WPA2 mixed 目的：完成「Time required to connect to the AP」测试操作 对应函数：step_connect_wifi(...) Checks（检查点） Check 1：Platform connection needs 5~10 检查内容：Platform connection needs 5~10 对应函数：check_wifi_connection_time(...) | P86: [{"kind": "step", "function_name": "step_connect_wifi", "description": "Time required to connect to the AP：Connect the AP with the encryption method as WPA/WPA2 mixed", "category": "wifi", "tags": ["kind:step", "domain:wifi"], "params": {"ssid": {"name": "ssid", "type": "str", "required": true, "default": null, "description": "目标AP的SSID"}, "password": {"name": "password", "type": "str", "required": false, "default": null, "description": "WiFi密码，开放网络可为空"}, "auth_type": {"name": "auth_type", "type": "str", "required": false, "default": null, "description": "认证类型如 WPA2/WPA3/Open/WEP"}}, "pre_conditions": [], "post_conditions": []}, {"kind": "check", "function_name": "check_wifi_connection_time", "description": "验证Time required to connect to the AP：Platform connection needs 5~10", "category": "wifi", "tags": ["kind:check", "domain:wifi"], "params": {"max_seconds": {"name": "max_seconds", "type": "int", "required": true, "default": 15, "description": "连接时间上限（秒）"}, "min_seconds": {"name": "min_seconds", "type": "int", "required": false, "default": 5, "description": "连接时间下限（秒）"}}, "pre_conditions": [{"id": "step_connect_wifi", "type": "step", "reason": "需先完成测试步骤"}], "post_conditions": []}]
A87: Wifi_Func_083 | B87: Connecting time | C87: Time required to connect to the AP | E87: Connect the AP with the encryption method as WPS | F87: Platform connection needs 20~30 | G87: P1 | H87: N/A | J87: weidong.feng | M87: Yes | O87: Summary（概要） 在Connecting time场景下执行「Time required to connect to the AP」，验证：Platform connection needs 20~30 Preconditions（前置条件/环境准备） 1. 平台已正常启动并进入系统 2. WiFi 模块已初始化 Steps（操作步骤） Step 1：Connect the AP with the encryption method as WPS 目的：完成「Time required to connect to the AP」测试操作 对应函数：step_connect_wifi(...) Checks（检查点） Check 1：Platform connection needs 20~30 检查内容：Platform connection needs 20~30 对应函数：check_wifi_connection_time(...) | P87: [{"kind": "step", "function_name": "step_connect_wifi", "description": "Time required to connect to the AP：Connect the AP with the encryption method as WPS", "category": "wifi", "tags": ["kind:step", "domain:wifi"], "params": {"ssid": {"name": "ssid", "type": "str", "required": true, "default": null, "description": "目标AP的SSID"}, "password": {"name": "password", "type": "str", "required": false, "default": null, "description": "WiFi密码，开放网络可为空"}, "auth_type": {"name": "auth_type", "type": "str", "required": false, "default": null, "description": "认证类型如 WPA2/WPA3/Open/WEP"}}, "pre_conditions": [], "post_conditions": []}, {"kind": "check", "function_name": "check_wifi_connection_time", "description": "验证Time required to connect to the AP：Platform connection needs 20~30", "category": "wifi", "tags": ["kind:check", "domain:wifi"], "params": {"max_seconds": {"name": "max_seconds", "type": "int", "required": true, "default": 15, "description": "连接时间上限（秒）"}, "min_seconds": {"name": "min_seconds", "type": "int", "required": false, "default": 5, "description": "连接时间下限（秒）"}}, "pre_conditions": [{"id": "step_connect_wifi", "type": "step", "reason": "需先完成测试步骤"}], "post_conditions": []}]
A88: Wifi_Func_084 | B88: Connecting time | C88: Time required to connect to the AP | E88: Connect the AP with the encryption method as WPS PIN | F88: Platform connection needs 20~30 | G88: P1 | H88: N/A | J88: weidong.feng | M88: Yes | O88: Summary（概要） 在Connecting time场景下执行「Time required to connect to the AP」，验证：Platform connection needs 20~30 Preconditions（前置条件/环境准备） 1. 平台已正常启动并进入系统 2. WiFi 模块已初始化 Steps（操作步骤） Step 1：Connect the AP with the encryption method as WPS PIN 目的：完成「Time required to connect to the AP」测试操作 对应函数：step_connect_wifi(...) Checks（检查点） Check 1：Platform connection needs 20~30 检查内容：Platform connection needs 20~30 对应函数：check_wifi_connection_time(...) | P88: [{"kind": "step", "function_name": "step_connect_wifi", "description": "Time required to connect to the AP：Connect the AP with the encryption method as WPS PIN", "category": "wifi", "tags": ["kind:step", "domain:wifi"], "params": {"ssid": {"name": "ssid", "type": "str", "required": true, "default": null, "description": "目标AP的SSID"}, "password": {"name": "password", "type": "str", "required": false, "default": null, "description": "WiFi密码，开放网络可为空"}, "auth_type": {"name": "auth_type", "type": "str", "required": false, "default": null, "description": "认证类型如 WPA2/WPA3/Open/WEP"}}, "pre_conditions": [], "post_conditions": []}, {"kind": "check", "function_name": "check_wifi_connection_time", "description": "验证Time required to connect to the AP：Platform connection needs 20~30", "category": "wifi", "tags": ["kind:check", "domain:wifi"], "params": {"max_seconds": {"name": "max_seconds", "type": "int", "required": true, "default": 15, "description": "连接时间上限（秒）"}, "min_seconds": {"name": "min_seconds", "type": "int", "required": false, "default": 5, "description": "连接时间下限（秒）"}}, "pre_conditions": [{"id": "step_connect_wifi", "type": "step", "reason": "需先完成测试步骤"}], "post_conditions": []}]
A89: Wifi_Func_085 | B89: Wifi hotspot | C89: Setting SSID | E89: SSID name enter 32 bits | F89: The SSID can be entered up to 31 bits | G89: P1 | H89: N/A | J89: weidong.feng | M89: Todo | N89: 需讨论热点实现 && 验证方式 | O89: Summary（概要） 在Wifi hotspot场景下执行「Setting SSID」，验证：The SSID can be entered up to 31 bits Preconditions（前置条件/环境准备） 1. 平台已正常启动并进入系统 2. WiFi 模块已初始化 Steps（操作步骤） Step 1：SSID name enter 32 bits 目的：完成「Setting SSID」测试操作 对应函数：step_configure_hotspot_ssid_password(...) Checks（检查点） Check 1：The SSID can be entered up to 31 bits 检查内容：The SSID can be entered up to 31 bits 对应函数：check_wifi_ssid_or_password_length_limit(...) | P89: [{"kind": "step", "function_name": "step_configure_hotspot_ssid_password", "description": "Setting SSID：SSID name enter 32 bits", "category": "wifi", "tags": ["kind:step", "domain:wifi"], "params": {"ssid": {"name": "ssid", "type": "str", "required": false, "default": null, "description": "热点SSID名称"}, "password": {"name": "password", "type": "str", "required": false, "default": null, "description": "热点密码"}}, "pre_conditions": [], "post_conditions": []}, {"kind": "check", "function_name": "check_wifi_ssid_or_password_length_limit", "description": "验证Setting SSID：The SSID can be entered up to 31 bits", "category": "wifi", "tags": ["kind:check", "domain:wifi"], "params": {}, "pre_conditions": [{"id": "step_configure_hotspot_ssid_password", "type": "step", "reason": "需先完成测试步骤"}], "post_conditions": []}]
A90: Wifi_Func_086 | B90: Wifi hotspot | C90: Setting encryption method | E90: Security settings（Open or None） | F90: When set to Open, no password is required for connection | G90: P1 | H90: N/A | J90: weidong.feng | M90: Todo | N90: 需讨论热点实现 && 验证方式 | O90: Summary（概要） 在Wifi hotspot场景下执行「Setting encryption method」，验证：When set to Open, no password is required for conn Preconditions（前置条件/环境准备） 1. 平台已正常启动并进入系统 2. WiFi 模块已初始化 Steps（操作步骤） Step 1：Security settings（Open or None） 目的：完成「Setting encryption method」测试操作 对应函数：step_set_hotspot_security(...) Checks（检查点） Check 1：When set to Open, no password is required for connection 检查内容：When set to Open, no password is required for connection 对应函数：check_when_set_to_open_no_passwor(...) | P90: [{"kind": "step", "function_name": "step_set_hotspot_security", "description": "Setting encryption method：Security settings（Open or None）", "category": "wifi", "tags": ["kind:step", "domain:wifi"], "params": {"security_type": {"name": "security_type", "type": "str", "required": true, "default": null, "description": "加密方式：Open/WPA2-PSK"}}, "pre_conditions": [], "post_conditions": []}, {"kind": "check", "function_name": "check_when_set_to_open_no_passwor", "description": "验证Setting encryption method：When set to Open, no password is required for connection", "category": "wifi", "tags": ["kind:check", "domain:wifi"], "params": {}, "pre_conditions": [{"id": "step_set_hotspot_security", "type": "step", "reason": "需先完成测试步骤"}], "post_conditions": []}]
A91: Wifi_Func_087 | B91: Wifi hotspot | C91: Setting encryption method | E91: Security settings（WPA2 PSK） | F91: When set encryption to WPA2，other devices can enter the correct password to connect | G91: P1 | H91: N/A | J91: weidong.feng | M91: Todo | N91: 需讨论热点实现 && 验证方式 | O91: Summary（概要） 在Wifi hotspot场景下执行「Setting encryption method」，验证：When set encryption to WPA2，other devices can ente Preconditions（前置条件/环境准备） 1. 平台已正常启动并进入系统 2. WiFi 模块已初始化 Steps（操作步骤） Step 1：Security settings（WPA2 PSK） 目的：完成「Setting encryption method」测试操作 对应函数：step_set_hotspot_security(...) Checks（检查点） Check 1：When set encryption to WPA2，other devices can enter the correct password to conn 检查内容：When set encryption to WPA2，other devices can enter the correct password to connect 对应函数：check_hotspot_client_connected(...) | P91: [{"kind": "step", "function_name": "step_set_hotspot_security", "description": "Setting encryption method：Security settings（WPA2 PSK）", "category": "wifi", "tags": ["kind:step", "domain:wifi"], "params": {"security_type": {"name": "security_type", "type": "str", "required": true, "default": null, "description": "加密方式：Open/WPA2-PSK"}}, "pre_conditions": [], "post_conditions": []}, {"kind": "check", "function_name": "check_hotspot_client_connected", "description": "验证Setting encryption method：When set encryption to WPA2，other devices can enter the corr", "category": "wifi", "tags": ["kind:check", "domain:wifi"], "params": {}, "pre_conditions": [{"id": "step_set_hotspot_security", "type": "step", "reason": "需先完成测试步骤"}], "post_conditions": []}]
A92: Wifi_Func_088 | B92: Wifi hotspot | C92: Setting password | E92: password setting | F92: Password can be entered up to 63 bits | G92: P1 | H92: N/A | J92: weidong.feng | M92: Todo | N92: 需讨论热点实现 && 验证方式 | O92: Summary（概要） 在Wifi hotspot场景下执行「Setting password」，验证：Password can be entered up to 63 bits Preconditions（前置条件/环境准备） 1. 平台已正常启动并进入系统 2. WiFi 模块已初始化 Steps（操作步骤） Step 1：password setting 目的：完成「Setting password」测试操作 对应函数：step_configure_hotspot_ssid_password(...) Checks（检查点） Check 1：Password can be entered up to 63 bits 检查内容：Password can be entered up to 63 bits 对应函数：check_wifi_ssid_or_password_length_limit(...) | P92: [{"kind": "step", "function_name": "step_configure_hotspot_ssid_password", "description": "Setting password：password setting", "category": "wifi", "tags": ["kind:step", "domain:wifi"], "params": {"ssid": {"name": "ssid", "type": "str", "required": false, "default": null, "description": "热点SSID名称"}, "password": {"name": "password", "type": "str", "required": false, "default": null, "description": "热点密码"}}, "pre_conditions": [], "post_conditions": []}, {"kind": "check", "function_name": "check_wifi_ssid_or_password_length_limit", "description": "验证Setting password：Password can be entered up to 63 bits", "category": "wifi", "tags": ["kind:check", "domain:wifi"], "params": {}, "pre_conditions": [{"id": "step_configure_hotspot_ssid_password", "type": "step", "reason": "需先完成测试步骤"}], "post_conditions": []}]
A93: Wifi_Func_089 | B93: Wifi hotspot | C93: open hotspot | E93: turning on Wifi Hotspot | F93: There will be a hot chart after turning on the hotspot | G93: P1 | H93: N/A | J93: weidong.feng | K93: Yes | L93: Yes | M93: Todo | N93: 需讨论热点实现 && 验证方式 | O93: Summary（概要） 在Wifi hotspot场景下执行「open hotspot」，验证：There will be a hot chart after turning on the hot Preconditions（前置条件/环境准备） 1. 平台已正常启动并进入系统 2. WiFi 模块已初始化 Steps（操作步骤） Step 1：turning on Wifi Hotspot 目的：完成「open hotspot」测试操作 对应函数：step_enable_wifi_hotspot(...) Checks（检查点） Check 1：There will be a hot chart after turning on the hotspot 检查内容：There will be a hot chart after turning on the hotspot 对应函数：check_hotspot_enabled(...) | P93: [{"kind": "step", "function_name": "step_enable_wifi_hotspot", "description": "open hotspot：turning on Wifi Hotspot", "category": "wifi", "tags": ["kind:step", "domain:wifi"], "params": {"ssid": {"name": "ssid", "type": "str", "required": false, "default": null, "description": "热点SSID"}, "password": {"name": "password", "type": "str", "required": false, "default": null, "description": "热点密码"}, "band": {"name": "band", "type": "str", "required": false, "default": "2.4G", "description": "频段：2.4G/5G"}}, "pre_conditions": [], "post_conditions": []}, {"kind": "check", "function_name": "check_hotspot_enabled", "description": "验证open hotspot：There will be a hot chart after turning on the hotspot", "category": "wifi", "tags": ["kind:check", "domain:wifi"], "params": {}, "pre_conditions": [{"id": "step_enable_wifi_hotspot", "type": "step", "reason": "需先完成测试步骤"}], "post_conditions": []}]
A94: Wifi_Func_090 | B94: Wifi hotspot | C94: Setting AP band | E94: Setting AP band to 2.4G preferred | F94: When AP band to 2.4G preferred，other devices can enter the correct password to connect | G94: P1 | H94: N/A | J94: weidong.feng | M94: Todo | N94: 需讨论热点实现 && 验证方式 | O94: Summary（概要） 在Wifi hotspot场景下执行「Setting AP band」，验证：When AP band to 2.4G preferred，other devices can e Preconditions（前置条件/环境准备） 1. 平台已正常启动并进入系统 2. WiFi 模块已初始化 Steps（操作步骤） Step 1：Setting AP band to 2.4G preferred 目的：完成「Setting AP band」测试操作 对应函数：step_set_hotspot_band(...) Checks（检查点） Check 1：When AP band to 2.4G preferred，other devices can enter the correct password to c 检查内容：When AP band to 2.4G preferred，other devices can enter the correct password to connect 对应函数：check_wifi_connected(...) | P94: [{"kind": "step", "function_name": "step_set_hotspot_band", "description": "Setting AP band：Setting AP band to 2.4G preferred", "category": "wifi", "tags": ["kind:step", "domain:wifi"], "params": {"band": {"name": "band", "type": "str", "required": true, "default": "2.4G", "description": "热点频段：2.4G preferred/5G preferred"}}, "pre_conditions": [], "post_conditions": []}, {"kind": "check", "function_name": "check_wifi_connected", "description": "验证Setting AP band：When AP band to 2.4G preferred，other devices can enter the c", "category": "wifi", "tags": ["kind:check", "domain:wifi"], "params": {"expected_ssid": {"name": "expected_ssid", "type": "str", "required": false, "default": null, "description": "预期已连接的SSID"}}, "pre_conditions": [{"id": "step_set_hotspot_band", "type": "step", "reason": "需先完成测试步骤"}], "post_conditions": []}]
A95: Wifi_Func_091 | B95: Wifi hotspot | C95: Setting AP band | E95: Setting AP band to 5G preferred | F95: When AP band to 5G preferred，other devices can enter the correct password to connect | G95: P1 | H95: N/A | J95: weidong.feng | M95: Todo | N95: 需讨论热点实现 && 验证方式 | O95: Summary（概要） 在Wifi hotspot场景下执行「Setting AP band」，验证：When AP band to 5G preferred，other devices can ent Preconditions（前置条件/环境准备） 1. 平台已正常启动并进入系统 2. WiFi 模块已初始化 Steps（操作步骤） Step 1：Setting AP band to 5G preferred 目的：完成「Setting AP band」测试操作 对应函数：step_set_hotspot_band(...) Checks（检查点） Check 1：When AP band to 5G preferred，other devices can enter the correct password to con 检查内容：When AP band to 5G preferred，other devices can enter the correct password to connect 对应函数：check_wifi_connected(...) | P95: [{"kind": "step", "function_name": "step_set_hotspot_band", "description": "Setting AP band：Setting AP band to 5G preferred", "category": "wifi", "tags": ["kind:step", "domain:wifi"], "params": {"band": {"name": "band", "type": "str", "required": true, "default": "2.4G", "description": "热点频段：2.4G preferred/5G preferred"}}, "pre_conditions": [], "post_conditions": []}, {"kind": "check", "function_name": "check_wifi_connected", "description": "验证Setting AP band：When AP band to 5G preferred，other devices can enter the cor", "category": "wifi", "tags": ["kind:check", "domain:wifi"], "params": {"expected_ssid": {"name": "expected_ssid", "type": "str", "required": false, "default": null, "description": "预期已连接的SSID"}}, "pre_conditions": [{"id": "step_set_hotspot_band", "type": "step", "reason": "需先完成测试步骤"}], "post_conditions": []}]
A96: Wifi_Func_092 | B96: Wifi hotspot | C96: hotspot working | E96: Network source from Ethernet | F96: When the platform connect to Ethernet, the Wifi hotspot can be connected to visit the website. | G96: P1 | H96: N/A | J96: weidong.feng | M96: Todo | N96: 需讨论热点实现 && 验证方式 | O96: Summary（概要） 在Wifi hotspot场景下执行「hotspot working」，验证：When the platform connect to Ethernet, the Wifi ho Preconditions（前置条件/环境准备） 1. 平台已正常启动并进入系统 2. WiFi 模块已初始化 Steps（操作步骤） Step 1：Network source from Ethernet 目的：完成「hotspot working」测试操作 对应函数：step_network_source_from_ethernet(...) Checks（检查点） Check 1：When the platform connect to Ethernet, the Wifi hotspot can be connected to visi 检查内容：When the platform connect to Ethernet, the Wifi hotspot can be connected to visit the website. 对应函数：check_wifi_state(...) | P96: [{"kind": "step", "function_name": "step_network_source_from_ethernet", "description": "hotspot working：Network source from Ethernet", "category": "wifi", "tags": ["kind:step", "domain:wifi"], "params": {}, "pre_conditions": [], "post_conditions": []}, {"kind": "check", "function_name": "check_wifi_state", "description": "验证hotspot working：When the platform connect to Ethernet, the Wifi hotspot can ", "category": "wifi", "tags": ["kind:check", "domain:wifi"], "params": {"expected": {"name": "expected", "type": "bool", "required": true, "default": true, "description": "True=WiFi应开启"}}, "pre_conditions": [{"id": "step_network_source_from_ethernet", "type": "step", "reason": "需先完成测试步骤"}], "post_conditions": []}]
A97: Wifi_Func_093 | B97: Wifi hotspot | C97: reboot with hotspot | E97: Reboot the platform when the platform open hotspot | F97: After restart，platform function is OK | G97: P1 | H97: N/A | J97: weidong.feng | M97: Todo | N97: 需讨论热点实现 && 验证方式 | O97: Summary（概要） 在Wifi hotspot场景下执行「reboot with hotspot」，验证：After restart，platform function is OK Preconditions（前置条件/环境准备） 1. 平台已正常启动并进入系统 2. WiFi 模块已初始化 Steps（操作步骤） Step 1：Reboot the platform when the platform open hotspot 目的：完成「reboot with hotspot」测试操作 对应函数：step_reboot_device(...) Checks（检查点） Check 1：After restart，platform function is OK 检查内容：After restart，platform function is OK 对应函数：check_after_restart_platform_funct(...) | P97: [{"kind": "step", "function_name": "step_reboot_device", "description": "reboot with hotspot：Reboot the platform when the platform open hotspot", "category": "wifi", "tags": ["kind:step", "domain:wifi"], "params": {}, "pre_conditions": [], "post_conditions": []}, {"kind": "check", "function_name": "check_after_restart_platform_funct", "description": "验证reboot with hotspot：After restart，platform function is OK", "category": "wifi", "tags": ["kind:check", "domain:wifi"], "params": {}, "pre_conditions": [{"id": "step_reboot_device", "type": "step", "reason": "需先完成测试步骤"}], "post_conditions": []}]
A98: Wifi_Func_094 | B98: quick set up | C98: quick set up ap from boot wizard | E98: 1.DUT upgrate or factory reset and boot up at boot wizard interface 2.Android 12 mobile phone connect with an VPN AP then scan the QR code on DUT | F98: DUT can connect with AP and logo in account success | G98: P1 | H98: N/A | J98: weidong.feng | K98: Yes | L98: Yes | M98: No | N98: 如何自动化控制 mobile 设备 | O98: Summary（概要） 在quick set up场景下执行「quick set up ap from boot wizard」，验证：DUT can connect with AP and logo in account succe Preconditions（前置条件/环境准备） 1. 平台已正常启动并进入系统 2. WiFi 模块已初始化 Steps（操作步骤） Step 1：DUT upgrate or factory reset and boot up at boot wizard interface 目的：完成「quick set up ap from boot wizard」测试操作 对应函数：step_dut_upgrate_or_factory_reset(...) Step 2：Android 12 mobile phone connect with an VPN AP then scan the QR code on DUT 目的：完成「quick set up ap from boot wizard」测试操作 对应函数：step_connect_wifi(...) Checks（检查点） Check 1：DUT can connect with AP and logo in account success 检查内容：DUT can connect with AP and logo in account success 对应函数：check_wifi_connected(...) | P98: [{"kind": "step", "function_name": "step_dut_upgrate_or_factory_reset", "description": "quick set up ap from boot wizard：DUT upgrate or factory reset and boot up at boot wizard inte", "category": "wifi", "tags": ["kind:step", "domain:wifi"], "params": {}, "pre_conditions": [], "post_conditions": []}, {"kind": "step", "function_name": "step_connect_wifi", "description": "quick set up ap from boot wizard：Android 12 mobile phone connect with an VPN AP then scan th", "category": "wifi", "tags": ["kind:step", "domain:wifi"], "params": {"ssid": {"name": "ssid", "type": "str", "required": true, "default": null, "description": "目标AP的SSID"}, "password": {"name": "password", "type": "str", "required": false, "default": null, "description": "WiFi密码，开放网络可为空"}, "auth_type": {"name": "auth_type", "type": "str", "required": false, "default": null, "description": "认证类型如 WPA2/WPA3/Open/WEP"}}, "pre_conditions": [{"id": "step_dut_upgrate_or_factory_reset", "type": "step", "reason": "前置步骤必须先完成"}], "post_conditions": []}, {"kind": "check", "function_name": "check_wifi_connected", "description": "验证quick set up ap from boot wizard：DUT can connect with AP and logo in account success", "category": "wifi", "tags": ["kind:check", "domain:wifi"], "params": {"expected_ssid": {"name": "expected_ssid", "type": "str", "required": false, "default": null, "description": "预期已连接的SSID"}}, "pre_conditions": [{"id": "step_connect_wifi", "type": "step", "reason": "需先完成测试步骤"}], "post_conditions": []}]
A99: Wifi_Func_095 | B99: WOW | C99: 1.DUT burn 0x43 key and Widevine key 2.WOW suspend the DUT | E99: 1.DUT connect with AP and enter deep sleep 2.Mobile phone connect the same AP 3.Mobile phone open YouTube ,click the cast | F99: DUT can resume and open YouTube APP | G99: P1 | H99: N/A | J99: weidong.feng | K99: Yes | L99: Yes | M99: No | N99: 如何自动化控制 mobile 设备 | O99: Summary（概要） 在WOW场景下执行「1.DUT burn 0x43 key and Widevine key 2.WOW suspend the DUT」，验证：DUT can resume and open YouTube APP Preconditions（前置条件/环境准备） 1. 平台已正常启动并进入系统 2. WiFi 模块已初始化 Steps（操作步骤） Step 1：DUT connect with AP and enter deep sleep 目的：完成「1.DUT burn 0x43 key and Widevine key 2.WOW suspend the DUT」测试操作 对应函数：step_connect_wifi(...) Step 2：Mobile phone connect the same AP 目的：完成「1.DUT burn 0x43 key and Widevine key 2.WOW suspend the DUT」测试操作 对应函数：step_connect_wifi(...) Step 3：Mobile phone open YouTube ,click the cast 目的：完成「1.DUT burn 0x43 key and Widevine key 2.WOW suspend the DUT」测试操作 对应函数：step_start_cast_session(...) Checks（检查点） Check 1：DUT can resume and open YouTube APP 检查内容：DUT can resume and open YouTube APP 对应函数：check_wow_resume_success(...) | P99: [{"kind": "step", "function_name": "step_connect_wifi", "description": "1.DUT burn 0x43 key and Widevine key\n2.WOW suspend the DUT：DUT connect with AP and enter deep sleep", "category": "wifi", "tags": ["kind:step", "domain:wifi"], "params": {"ssid": {"name": "ssid", "type": "str", "required": true, "default": null, "description": "目标AP的SSID"}, "password": {"name": "password", "type": "str", "required": false, "default": null, "description": "WiFi密码，开放网络可为空"}, "auth_type": {"name": "auth_type", "type": "str", "required": false, "default": null, "description": "认证类型如 WPA2/WPA3/Open/WEP"}}, "pre_conditions": [], "post_conditions": []}, {"kind": "step", "function_name": "step_start_cast_session", "description": "1.DUT burn 0x43 key and Widevine key\n2.WOW suspend the DUT：Mobile phone open YouTube ,click the cast", "category": "wifi", "tags": ["kind:step", "domain:wifi"], "params": {"source_device": {"name": "source_device", "type": "str", "required": false, "default": null, "description": "投屏源设备名称"}}, "pre_conditions": [{"id": "step_connect_wifi", "type": "step", "reason": "前置步骤必须先完成"}], "post_conditions": []}, {"kind": "check", "function_name": "check_wow_resume_success", "description": "验证1.DUT burn 0x43 key and Widevine key\n2.WOW suspend the DUT：DUT can resume and open YouTube APP", "category": "wifi", "tags": ["kind:check", "domain:wifi"], "params": {}, "pre_conditions": [{"id": "step_start_cast_session", "type": "step", "reason": "需先完成测试步骤"}], "post_conditions": []}]
A100: Wifi_Func_096 | B100: cast | C100: YouTube case | E100: 1.DUT connect with AP 2.Mobile phone connect with the same AP and open YouTube ,click the cast icon on to cast to the DUT | F100: Mobile phone can cast to the DUT | G100: P1 | H100: N/A | J100: weidong.feng | M100: No | N100: 如何自动化控制 mobile 设备 | O100: Summary（概要） 在cast场景下执行「YouTube case」，验证：Mobile phone can cast to the DUT Preconditions（前置条件/环境准备） 1. 平台已正常启动并进入系统 2. WiFi 模块已初始化 Steps（操作步骤） Step 1：DUT connect with AP 目的：完成「YouTube case」测试操作 对应函数：step_connect_wifi(...) Step 2：Mobile phone connect with the same AP and open YouTube ,click the cast icon on to cast to the DUT 目的：完成「YouTube case」测试操作 对应函数：step_connect_wifi(...) Checks（检查点） Check 1：Mobile phone can cast to the DUT 检查内容：Mobile phone can cast to the DUT 对应函数：check_cast_to_device_success(...) | P100: [{"kind": "step", "function_name": "step_connect_wifi", "description": "YouTube case：DUT connect with AP", "category": "wifi", "tags": ["kind:step", "domain:wifi"], "params": {"ssid": {"name": "ssid", "type": "str", "required": true, "default": null, "description": "目标AP的SSID"}, "password": {"name": "password", "type": "str", "required": false, "default": null, "description": "WiFi密码，开放网络可为空"}, "auth_type": {"name": "auth_type", "type": "str", "required": false, "default": null, "description": "认证类型如 WPA2/WPA3/Open/WEP"}}, "pre_conditions": [], "post_conditions": []}, {"kind": "check", "function_name": "check_cast_to_device_success", "description": "验证YouTube case：Mobile phone can cast to the DUT", "category": "wifi", "tags": ["kind:check", "domain:wifi"], "params": {}, "pre_conditions": [{"id": "step_connect_wifi", "type": "step", "reason": "需先完成测试步骤"}], "post_conditions": []}]
...

Sheet WiFi_compatibility
A1: WiFi Compatibility Test
A2: Platform_Module | B2: =IF(Summary!B3="","",Summary!B3) | C2: Chip_Module | D2: =IF(Summary!B4="","",Summary!B4) | E2: Tester | F2: =IF(Summary!B8="","",Summary!B8) | G2: Total case | H2: Pass | I2: Fail | J2: N/A
A3: Others | G3: =COUNTIFS(A:A,"*")-4 -> 5 | H3: =COUNTIFS($H4:$H499,H2) -> 0 | I3: =COUNTIFS($H4:$H499,I2) -> 0 | J3: =COUNTIFS($H4:$H499,J2) -> 0
A4: No | B4: Test_Item | C4: Test_SubItem | D4: Test_Preset | E4: Test_Step | F4: Expected result | G4: Priority | H4: Test_Result | I4: Remark | J4: Author | K4: 是否可自动化 | L4: 不可自动化原因
A5: Wifi_Compatibility_001 | B5: Different router | C5: DUT connect with different router | E5: 1.DUT connect with ASUS_AX86U AP 2.Router change the channel and Encryption method | F5: After change the channel and Encryption method，Platform connect the AP successful | G5: P1 | J5: weidong.feng | K5: Todo | L5: 需提供路由设备 | M5: P2
A6: Wifi_Compatibility_002 | B6: Different router | C6: DUT connect with different router | E6: 1.DUT connect with ASUS_AC1900P AP 2.Router change the channel and Encryption method | F6: After change the channel and Encryption method，Platform connect the AP successful | G6: P1 | J6: weidong.feng | K6: Todo | L6: 需提供路由设备
A7: Wifi_Compatibility_003 | B7: Different router | C7: DUT connect with different router | E7: 1.DUT connect with XiaoMI AP 2.Router change the channel and Encryption method | F7: After change the channel and Encryption method，Platform connect the AP successful | G7: P1 | J7: weidong.feng | K7: Todo | L7: 需提供路由设备
A8: Wifi_Compatibility_004 | B8: Different router | C8: DUT connect with different router | E8: 1.DUT connect with TPlink-AX5400 AP 2.Router change the channel and Encryption method | F8: After change the channel and Encryption method，Platform connect the AP successful | G8: P1 | J8: weidong.feng | K8: Todo | L8: 需提供路由设备
A9: Wifi_Compatibility_005 | B9: Different router | C9: DUT connect with different router | E9: 1.DUT connect with Tenda-AX30 AP 2.Router change the channel and Encryption method | F9: After change the channel and Encryption method，Platform connect the AP successful | G9: P1 | J9: weidong.feng | K9: Todo | L9: 需提供路由设备

Sheet Wifi_throughput 
A1: WiFi peak throughput Test
A2: Platform_Module | B2: =IF(Summary!B3="","",Summary!B3) | C2: Chip_Module | D2: =IF(Summary!B4="","",Summary!B4) | E2: Tester | F2: =IF(Summary!B8="","",Summary!B8) | N2: Total case | O2: Pass | P2: Fail | Q2: N/A
A3: Others | B3: 1. 将iperf.exe拷贝到测试电脑，测试平台安装iPerf apk。然后分别输入指令，观察数据（爬坡、掉坑、平均等），并将实际测试指令与数据记录到表格 参考命令： 发送端 iperf -c 192.168.1.177 -i 1 -w 4M -t 60 -P 10； 接收端 iperf -i 1 -s -w 4M 2. 由于不同wifi环境、不同地点、不同时间段测到的结果可能有较大相差，所以做吞吐量测试时，可用日常测试比较好的样机对比测试 3. 不同wifi模组 标准不同，需要根据实际进行填写 | N3: =COUNTIFS(A:A,"*")-4 -> 40 | O3: =COUNTIFS($K4:$K488,O2) -> 20 | P3: =COUNTIFS($K4:$K488,P2) -> 0 | Q3: =COUNTIFS($K4:$K488,Q2) -> 20
A4: No. | B4: Test_Item | C4: Test environment | D4: Test_Preset | E4: WiFi Mode | F4: bandwidth | G4: RX/TX | H4: AP channel | I4: Priority | J4: Test standard | K4: Test_Result | L4: Avg data Mbits/s | M4: Test data1 | N4: Test data2 | O4: Test data3 | P4: Iperf version&command | Q4: Remark | R4: 是否可自动化 | S4: 不可自动化原因
A5: Peak_thr 001 | B5: 2.4G Throughput | C5: SZ 6th floor Shielded room | D5: 1.ASUS AX86U 2.connect 2.4G wifi | E5: 11AX | F5: 20M | G5: RX | H5: 1 | I5: P0 | J5: 200 | K5: Pass | M5: 228 | N5: 228 | O5: 227 | R5: Todo | S5: 吞吐量相关，需搭建专用屏蔽房环境 | T5: P2
A6: Peak_thr 002 | H6: 6 | I6: P0 | J6: 200 | K6: Pass | M6: 219 | N6: 215 | O6: 221
A7: Peak_thr 003 | H7: 11 | I7: P0 | J7: 200 | K7: Pass | M7: 231 | N7: 232 | O7: 226
A8: Peak_thr 004 | G8: TX | H8: 1 | I8: P0 | J8: 200 | K8: Pass | M8: 223 | N8: 218 | O8: 219
A9: Peak_thr 005 | H9: 6 | I9: P0 | J9: 200 | K9: Pass | M9: 229 | N9: 229 | O9: 230
A10: Peak_thr 006 | H10: 11 | I10: P0 | J10: 200 | K10: Pass | M10: 233 | N10: 229 | O10: 231
A11: Peak_thr 007 | F11: 40M | G11: RX | H11: 1 | I11: P0 | J11: 400 | K11: Pass | M11: 457 | N11: 453 | O11: 456
A12: Peak_thr 008 | H12: 6 | I12: P0 | J12: 400 | K12: Pass | M12: 431 | N12: 415 | O12: 421
A13: Peak_thr 009 | H13: 11 | I13: P0 | J13: 400 | K13: Pass | M13: 413 | N13: 415 | O13: 413
A14: Peak_thr 010 | G14: TX | H14: 1 | I14: P0 | J14: 400 | K14: Pass | M14: 403 | N14: 402 | O14: 403
A15: Peak_thr 011 | H15: 6 | I15: P0 | J15: 400 | K15: Pass | M15: 401 | N15: 410 | O15: 407
A16: Peak_thr 012 | H16: 11 | I16: P0 | J16: 400 | K16: Pass | M16: 408 | N16: 405 | O16: 408
A17: Peak_thr 013 | C17: SZ 6th floor station | F17: 40M | G17: RX | H17: 1 | I17: P2 | K17: Pass | M17: 64.8 | N17: 81.2 | O17: 55.9
A18: Peak_thr 014 | H18: 6 | I18: P2 | K18: Pass | M18: 78.3 | N18: 78.2 | O18: 69.2
A19: Peak_thr 015 | H19: 11 | I19: P2 | K19: Pass | M19: 66.4 | N19: 89.1 | O19: 64.1
A20: Peak_thr 016 | G20: TX | H20: 1 | I20: P2 | K20: Pass | M20: 56.6 | N20: 35.3 | O20: 41.5
A21: Peak_thr 017 | H21: 6 | I21: P2 | K21: Pass | M21: 44.1 | N21: 38.6 | O21: 35.5
A22: Peak_thr 018 | H22: 11 | I22: P2 | K22: Pass | M22: 45.6 | N22: 31.8 | O22: 28.9
A23: Peak_thr 019 | B23: 2.4G and bt coexist Throughput | C23: SZ 6th floor Shielded room | D23: 1.ASUS AX86U 2.connect2.4G wifi | E23: 11AX | F23: 40M | G23: RX | H23: 1 | I23: P0 | J23: 260 | K23: Pass | M23: 337 | N23: 356 | O23: 364
A24: Peak_thr 020 | H24: 6 | I24: P0 | J24: 260 | K24: Pass | M24: 338 | N24: 346 | O24: 346
A25: Peak_thr 021 | H25: 11 | I25: P0 | J25: 260 | K25: N/A
A26: Peak_thr 022 | G26: TX | H26: 1 | I26: P0 | J26: 260 | K26: N/A
A27: Peak_thr 023 | H27: 6 | I27: P0 | J27: 260 | K27: N/A
A28: Peak_thr 024 | H28: 11 | I28: P0 | J28: 260 | K28: N/A
A29: Peak_thr 025 | B29: 5G Throughput | C29: SZ 6th floor Shielded room | D29: 1.ASUS AX86U 2.connect 5G wifi. | E29: 11AX | F29: 80M | G29: RX | H29: 36 | I29: P0 | J29: 580 | K29: N/A
A30: Peak_thr 026 | H30: 64 | I30: P0 | J30: 580 | K30: N/A
A31: Peak_thr 027 | H31: 149 | I31: P0 | J31: 580 | K31: N/A
A32: Peak_thr 028 | H32: 161 | I32: P0 | J32: 580 | K32: N/A
A33: Peak_thr 029 | F33: 80M | G33: TX | H33: 36 | I33: P0 | J33: 530 | K33: N/A
A34: Peak_thr 030 | H34: 64 | I34: P0 | J34: 530 | K34: N/A
A35: Peak_thr 031 | H35: 149 | I35: P0 | J35: 530 | K35: N/A
A36: Peak_thr 032 | H36: 161 | I36: P0 | J36: 530 | K36: N/A
A37: Peak_thr 033 | C37: SZ 6th floor station | D37: 1.ASUS AX86U 2.connect 5G wifi. | E37: 11AX | F37: 80M | G37: RX | H37: 36 | I37: P2 | K37: N/A
A38: Peak_thr 034 | H38: 64 | I38: P2 | K38: N/A
A39: Peak_thr 035 | H39: 149 | I39: P2 | K39: N/A
A40: Peak_thr 036 | H40: 161 | I40: P2 | K40: N/A
A41: Peak_thr 037 | F41: 80M | G41: TX | H41: 36 | I41: P2 | K41: N/A
A42: Peak_thr 038 | H42: 64 | I42: P2 | K42: N/A
A43: Peak_thr 039 | H43: 149 | I43: P2 | K43: N/A
A44: Peak_thr 040 | H44: 161 | I44: P2 | K44: N/A

Sheet BT_function
A1: BT Function Test
A2: Platform_Module | B2: =IF(Summary!B3="","",Summary!B3) | C2: Chip_Module | D2: =IF(Summary!B4="","",Summary!B4) | E2: Tester | F2: =IF(Summary!B8="","",Summary!B8) | G2: Total case | H2: Pass | I2: Fail | J2: N/A
A3: Others | G3: =COUNTIFS(A:A,"*")-4 -> 70 | H3: =COUNTIFS($H4:$H487,H2) -> 0 | I3: =COUNTIFS($H4:$H487,I2) -> 0 | J3: =COUNTIFS($H4:$H487,J2) -> 70
A4: No. | B4: Test_Item | C4: Test_SubItem | D4: Test_Preset | E4: Test_Step | F4: Expected result | G4: Priority | H4: Test_Result | I4: Remark | J4: Author | K4: GM release | L4: Unify release | M4: 是否可自动化 | N4: 不可自动化原因 | O4: Comment | P4: AUT Case Description | Q4: Description | R4: API_Summary_JSON
A5: BT_Func_001 | B5: BT settings | C5: Turn on BT switch | E5: 1.Enter setting--Bluetooth 2.Turn on BT switch | F5: After turn on BT switch，BT can search BT switch and pair with it | G5: P0 | H5: N/A | J5: weidong.feng | K5: Yes | L5: Yes | M5: 可以实现 | Q5: Summary（概要） 验证打开蓝牙开关后 DUT 能搜索并配对蓝牙设备，验证：1. 蓝牙开关开启成功；2. 可发现并配对附近蓝牙设备。 Preconditions（前置条件/环境准备） 1. DUT 处于正常工作状态，蓝牙功能默认关闭。 Steps（操作步骤） Step 1：进入设置 → 蓝牙，打开蓝牙开关 目的：使能蓝牙，允许后续搜索和配对操作。 对应函数：step_enable_bluetooth() Checks（检查点） Check 1：蓝牙开关开启，可搜索并配对设备 检查内容：确认蓝牙状态为开启，能搜索到附近蓝牙设备。 对应函数：check_bt_bluetooth_state() | R5: [{"kind": "step", "function_name": "step_enable_bluetooth", "description": "进入设置蓝牙页面并打开蓝牙开关。", "category": "bt_settings", "tags": ["kind:step", "domain:bt_settings"], "params": {}, "pre_conditions": [], "post_conditions": []}, {"kind": "check", "function_name": "check_bt_bluetooth_state", "description": "验证蓝牙已开启且可搜索到周围设备。", "category": "bt_settings", "tags": ["kind:check", "domain:bt_settings"], "params": {}, "pre_conditions": [{"id": "step_enable_bluetooth", "type": "step", "reason": "先完成上一步操作"}], "post_conditions": []}]
A6: BT_Func_002 | B6: BT settings | C6: Turn off BT switch | D6: DUT have pair with G20 BT remote | E6: 1.Enter setting--Bluetooth 2.Turn off BT switch | F6: After tuen off BT switch,DUT cannot search any BT device and press key on G20 have no effect | G6: P0 | H6: N/A | J6: weidong.feng | M6: 可以实现 | Q6: Summary（概要） 验证关闭蓝牙开关后 DUT 无法搜索设备且已配对遥控器失效，验证：1. 蓝牙关闭后无法搜索设备；2. G20 遥控器按键无响应。 Preconditions（前置条件/环境准备） 1. DUT 已与 G20 BT 遥控器成功配对。 Steps（操作步骤） Step 1：进入设置 → 蓝牙，关闭蓝牙开关 目的：关闭蓝牙功能，验证配对设备失效。 对应函数：step_disable_bluetooth() Checks（检查点） Check 1：蓝牙关闭后无法搜索任何设备 检查内容：确认蓝牙已关闭，设备列表为空。 对应函数：check_bt_bluetooth_state() Check 2：G20 遥控器按键无效 检查内容：确认 BT 遥控器所有按键均无响应。 对应函数：check_bluetooth_device_connected() | R6: [{"kind": "step", "function_name": "step_disable_bluetooth", "description": "进入设置蓝牙页面并关闭蓝牙开关。", "category": "bt_settings", "tags": ["kind:step", "domain:bt_settings"], "params": {}, "pre_conditions": [], "post_conditions": []}, {"kind": "check", "function_name": "check_bt_bluetooth_state", "description": "验证蓝牙已关闭，无法发现任何蓝牙设备。", "category": "bt_settings", "tags": ["kind:check", "domain:bt_settings"], "params": {}, "pre_conditions": [{"id": "step_disable_bluetooth", "type": "step", "reason": "先完成上一步操作"}], "post_conditions": []}, {"kind": "check", "function_name": "check_bluetooth_device_connected", "description": "验证 BT 遥控器按键无任何响应。", "category": "bt_settings", "tags": ["kind:check", "domain:bt_settings"], "params": {}, "pre_conditions": [{"id": "step_disable_bluetooth", "type": "step", "reason": "先完成上一步操作"}], "post_conditions": []}]
A7: BT_Func_003 | B7: BT settings | C7: Turn off BT switch and then turn on | D7: DUT have pair with G20 BT remote and BT speaker | E7: 1.Enter setting--Bluetooth 2.Turn off BT switch 3.Turn on BT switch | F7: 1.After step 2，DUT cannot search any BT device and press key on G20 have no effect and BT speaker auto disconnect 2.After step 3，DUT can search any BT device and press key on G20,BT remote can reconneck back and BT speaker auto reconneck back | G7: P0 | H7: N/A | J7: weidong.feng | M7: 可以实现 | Q7: Summary（概要） 验证蓝牙关闭再开启后已配对设备能自动重连，验证：1. 关闭后设备断开；2. 开启后 G20 遥控器和 BT 音箱自动重连。 Preconditions（前置条件/环境准备） 1. DUT 已与 G20 BT 遥控器和 BT 音箱成功配对。 Steps（操作步骤） Step 1：关闭蓝牙开关 目的：断开所有已配对 BT 设备。 对应函数：step_disable_bluetooth() Step 2：重新开启蓝牙开关 目的：使能蓝牙并等待已配对设备自动重连。 对应函数：step_enable_bluetooth() Checks（检查点） Check 1：关闭后设备断开且遥控器无响应 检查内容：确认蓝牙关闭后 G20 按键无效、音箱断开。 对应函数：check_bt_bluetooth_state() Check 2：开启后 G20 和 BT 音箱自动重连 检查内容：确认蓝牙重新开启后，G20 和音箱均自动恢复连接。 对应函数：check_bluetooth_device_connected() | R7: [{"kind": "step", "function_name": "step_disable_bluetooth", "description": "关闭蓝牙开关。", "category": "bt_settings", "tags": ["kind:step", "domain:bt_settings"], "params": {}, "pre_conditions": [], "post_conditions": []}, {"kind": "step", "function_name": "step_enable_bluetooth", "description": "重新打开蓝牙开关。", "category": "bt_settings", "tags": ["kind:step", "domain:bt_settings"], "params": {}, "pre_conditions": [{"id": "step_disable_bluetooth", "type": "step", "reason": "先关闭再开启"}], "post_conditions": []}, {"kind": "check", "function_name": "check_bluetooth_disabled", "description": "验证蓝牙关闭状态。", "category": "bt_settings", "tags": ["kind:check", "domain:bt_settings"], "params": {}, "pre_conditions": [{"id": "step_disable_bluetooth", "type": "step", "reason": "先完成上一步操作"}], "post_conditions": []}, {"kind": "check", "function_name": "check_bluetooth_device_connected", "description": "验证已配对 BT 设备在蓝牙重新开启后自动重连。", "category": "bt_settings", "tags": ["kind:check", "domain:bt_settings"], "params": {}, "pre_conditions": [{"id": "step_enable_bluetooth", "type": "step", "reason": "先完成上一步操作"}], "post_conditions": []}]
A8: BT_Func_004 | B8: BT settings | C8: Advanced settings | E8: 1.Enter setting--Bluetooth 2.Turn on BT 3.Click the advanced settings icon in the top right corner | F8: There should be a menu for managing connections, setting device names, and detectability. | G8: P1 | H8: N/A | J8: weidong.feng | M8: 可以实现 | Q8: Summary（概要） 验证蓝牙高级设置菜单可正常打开并包含设备管理/名称/可见性等选项，验证：高级设置菜单内容完整。 Preconditions（前置条件/环境准备） 1. DUT 蓝牙已开启。 Steps（操作步骤） Step 1：进入设置 → 蓝牙，点击右上角高级设置图标 目的：进入高级设置页面验证功能入口完整性。 对应函数：step_open_bt_advanced_settings() Checks（检查点） Check 1：高级设置菜单包含连接管理/设备名称/可见性选项 检查内容：确认菜单项完整显示。 对应函数：check_bt_advanced_settings_menu() | R8: [{"kind": "step", "function_name": "step_open_bt_advanced_settings", "description": "在蓝牙设置页面点击高级设置图标。", "category": "bt_settings", "tags": ["kind:step", "domain:bt_settings"], "params": {}, "pre_conditions": [], "post_conditions": []}, {"kind": "check", "function_name": "check_bt_advanced_settings_menu", "description": "验证高级设置菜单包含管理连接、设备名称、可见性等选项。", "category": "bt_settings", "tags": ["kind:check", "domain:bt_settings"], "params": {}, "pre_conditions": [{"id": "step_open_bt_advanced_settings", "type": "step", "reason": "先完成上一步操作"}], "post_conditions": []}]
A9: BT_Func_005 | B9: BT settings | C9: View device name | E9: 1.Enter setting--Bluetooth 2.Select device name in the advanced menu | F9: The devices name show complete | G9: P1 | H9: N/A | J9: weidong.feng | M9: 可以实现 | Q9: Summary（概要） 验证蓝牙高级设置中设备名称完整显示，验证：设备名称字段内容完整可见。 Preconditions（前置条件/环境准备） 1. DUT 蓝牙已开启，已进入高级设置菜单。 Steps（操作步骤） Step 1：在高级菜单中选择设备名称项 目的：查看设备名称是否完整显示。 对应函数：step_view_bt_device_name() Checks（检查点） Check 1：设备名称完整显示 检查内容：确认设备名称字段内容完整无截断。 对应函数：check_bt_device_name_displayed() | R9: [{"kind": "step", "function_name": "step_view_bt_device_name", "description": "在蓝牙高级设置中选择并查看设备名称。", "category": "bt_settings", "tags": ["kind:step", "domain:bt_settings"], "params": {}, "pre_conditions": [], "post_conditions": []}, {"kind": "check", "function_name": "check_bt_device_name_displayed", "description": "验证设备名称完整显示，无截断或乱码。", "category": "bt_settings", "tags": ["kind:check", "domain:bt_settings"], "params": {}, "pre_conditions": [{"id": "step_view_bt_device_name", "type": "step", "reason": "先完成上一步操作"}], "post_conditions": []}]
A10: BT_Func_006 | B10: BT settings | C10: Modify device name | E10: 1.Enter setting--Bluetooth 2.Select device name in the advanced menu 3、Modify device name | F10: After modifing name，the device will display the new name | G10: P1 | H10: N/A | J10: weidong.feng | M10: 可以实现 | Q10: Summary（概要） 验证在蓝牙高级设置中修改设备名称后新名称生效，验证：修改后设备以新名称对外广播。 Preconditions（前置条件/环境准备） 1. DUT 蓝牙已开启，已进入高级设置菜单。 Steps（操作步骤） Step 1：在高级菜单中修改设备名称 目的：验证设备名称可编辑且保存后生效。 对应函数：step_modify_bt_device_name() Checks（检查点） Check 1：设备显示新名称 检查内容：确认修改保存后设备名称已更新为新值。 对应函数：check_bt_device_name_updated() | R10: [{"kind": "step", "function_name": "step_modify_bt_device_name", "description": "在蓝牙高级设置中修改并保存设备名称。", "category": "bt_settings", "tags": ["kind:step", "domain:bt_settings"], "params": {"new_name": {"name": "new_name", "type": "str", "required": true, "default": null, "description": "新设备名称"}}, "pre_conditions": [], "post_conditions": []}, {"kind": "check", "function_name": "check_bt_device_name_updated", "description": "验证设备名称已更新为指定新名称。", "category": "bt_settings", "tags": ["kind:check", "domain:bt_settings"], "params": {}, "pre_conditions": [{"id": "step_modify_bt_device_name", "type": "step", "reason": "先完成上一步操作"}], "post_conditions": []}]
A11: BT_Func_007 | B11: BT settings | C11: Visibility time | E11: 1.Enter setting--Bluetooth 2.Select device name in the advanced menu 3.Modify the visibility time | F11: Other devices can detect the device name of the platform during the visibility time,out of the visibility time other devices cannot research the platform name | G11: P1 | H11: N/A | J11: weidong.feng | M11: 不可实现 | N11: 新版本已移除此入口 | Q11: Summary（概要） 验证蓝牙可见性时间设置生效（注：新版本已移除此入口，标记为不适用），验证：在可见性时间内其他设备可搜索到本机。 Preconditions（前置条件/环境准备） 1. DUT 蓝牙已开启，已进入高级设置菜单。 2. 备注：新版本已移除可见性时间入口，此用例不适用。 Steps（操作步骤） Step 1：修改蓝牙可见性时间 目的：设置可见性时间窗口。 对应函数：step_set_bt_visibility_time() Step 2：用其他设备在时间窗口内/外搜索 DUT 目的：验证可见性时间边界行为。 对应函数：step_search_bt_device_from_remote() Checks（检查点） Check 1：可见性时间内可被发现，超时后不可被发现 检查内容：确认可见性时间机制正确执行。 对应函数：check_bt_visibility_timeout() | R11: [{"kind": "step", "function_name": "step_set_bt_visibility_time", "description": "设置蓝牙设备可见性时间。", "category": "bt_settings", "tags": ["kind:step", "domain:bt_settings"], "params": {"timeout_sec": {"name": "timeout_sec", "type": "int", "required": true, "default": 120, "description": "可见性持续时间（秒）"}}, "pre_conditions": [], "post_conditions": []}, {"kind": "step", "function_name": "step_search_bt_device_from_remote", "description": "从另一台设备搜索 DUT 的蓝牙名称。", "category": "bt_settings", "tags": ["kind:step", "domain:bt_settings"], "params": {}, "pre_conditions": [{"id": "step_set_bt_visibility_time", "type": "step", "reason": "先完成上一步操作"}], "post_conditions": []}, {"kind": "check", "function_name": "check_bt_visibility_timeout", "description": "验证超过可见性时间后 DUT 不再被其他设备发现。", "category": "bt_settings", "tags": ["kind:check", "domain:bt_settings"], "params": {}, "pre_conditions": [{"id": "step_search_bt_device_from_remote", "type": "step", "reason": "先完成上一步操作"}], "post_conditions": []}]
A12: BT_Func_008 | B12: BT settings | C12: Pairing devices | E12: Click the research button | F12: The platform can display nearby Bluetooth devices | G12: P1 | H12: N/A | J12: weidong.feng | M12: 可以实现 | Q12: Summary（概要） 验证点击搜索按钮后 DUT 能显示附近蓝牙设备列表，验证：搜索结果非空。 Preconditions（前置条件/环境准备） 1. DUT 蓝牙已开启，附近有可被发现的蓝牙设备。 Steps（操作步骤） Step 1：在蓝牙设置页面点击搜索/刷新按钮 目的：触发蓝牙扫描流程。 对应函数：step_scan_bt_devices() Checks（检查点） Check 1：显示附近蓝牙设备列表 检查内容：确认扫描结果至少包含一个设备。 对应函数：check_bt_scan_results_not_empty() | R12: [{"kind": "step", "function_name": "step_scan_bt_devices", "description": "在蓝牙设置页面触发蓝牙扫描。", "category": "bt_settings", "tags": ["kind:step", "domain:bt_settings"], "params": {}, "pre_conditions": [], "post_conditions": []}, {"kind": "check", "function_name": "check_bt_scan_results_not_empty", "description": "验证蓝牙扫描结果列表非空。", "category": "bt_settings", "tags": ["kind:check", "domain:bt_settings"], "params": {}, "pre_conditions": [{"id": "step_scan_bt_devices", "type": "step", "reason": "先完成上一步操作"}], "post_conditions": []}]
A13: BT_Func_009 | B13: BT settings | C13: Pairing devices | E13: Click on the searched device | F13: The platform initiates a Bluetooth pairing request | G13: P1 | H13: N/A | J13: weidong.feng | M13: 可以实现 | Q13: Summary（概要） 验证点击已扫描到的设备后 DUT 发起蓝牙配对请求，验证：配对请求弹出。 Preconditions（前置条件/环境准备） 1. DUT 蓝牙已开启并完成扫描，扫描列表中有目标设备。 Steps（操作步骤） Step 1：在扫描列表中点击目标蓝牙设备 目的：发起配对请求，进入配对流程。 对应函数：search_bluetooth_devices() | R13: [{"kind": "step", "function_name": "step_click_bt_device_to_pair", "description": "在蓝牙设备列表中点击目标设备以发起配对。", "category": "bt_settings", "tags": ["kind:step", "domain:bt_settings"], "params": {"device_name": {"name": "device_name", "type": "str", "required": true, "default": null, "description": "目标蓝牙设备名称"}}, "pre_conditions": [], "post_conditions": []}, {"kind": "check", "function_name": "check_bt_pairing_request_popup", "description": "验证配对请求弹窗已弹出。", "category": "bt_settings", "tags": ["kind:check", "domain:bt_settings"], "params": {}, "pre_conditions": [{"id": "step_click_bt_device_to_pair", "type": "step", "reason": "先完成上一步操作"}], "post_conditions": []}]
